id,Stock,Sector,Population,Area,1 Mth Total Return,1 Mth Price change,Colouring,Latitude,Longitude,Pct away from Target Price,Bambu Long Term Rank,Bambu Short Term Rank,Last Close,lol,Target Price,Quartile,1yr Total Return,Dividend Yield,Dividend Yield greater than 5pc,region,Country,Ranking
1,Barrick Gold Corp,Materials,,,0.003861004,Between 0 and 10% Return,,17.1,67.4,0.104605385,74,22,13,GOLD.K,14.35987,2nd Quartile,0.068456687,0.010371442,Less than 5% Yield,Materials,Canada,Equity Rank: Bottom 25%
2,Blackstone Group LP,Financials,,,0.045877061,Between 0 and 10% Return,,9,71.9,0.148092317,79,14,34.88,BX,40.04546,2nd Quartile,0.101136273,0.071316431,Greater than 5% Yield,Financials,US,Equity Rank: Bottom 25%
3,ConocoPhillips,Energy,,,-0.036905101,Negative Return,,57,90.9,0.150902057,73,63,67.59,COP,77.78947,1st Quartile,0.251413812,0.030585602,Less than 5% Yield,Energy,US,Rest All
4,Electronic Arts Inc,Technology,,,-0.073567952,Negative Return,,37.8,18.4,0.028266114,11,40,98.98,EA.O,101.77778,4th Quartile,-0.229847495,0,No Dividend,Technology,US,Rest All
5,eBay Inc,Consumer Discretionary,,,-0.003914796,Negative Return,,57,32.3,0.032613499,27,63,36.3,EBAY.O,37.48387,3rd Quartile,-0.14185594,0.015496222,Less than 5% Yield,Consumer Discretionary,US,Rest All
6,Medtronic PLC,Health Care,,,0.016473393,Between 0 and 10% Return,,17.1,83.5,0.100248534,91,22,93.79,MDT,103.19231,1st Quartile,0.179834792,0.020365517,Less than 5% Yield,Health Care,Ireland,Equity Rank: Bottom 25%
7,Sorrento Therapeutics Inc,Health Care,,,0,Negative Return,,0.2,0.2,7.655223176,1,3,2.33,SRNE.O,20.16667,4th Quartile,-0.699354839,0,No Dividend,Health Care,US,Equity Rank: Bottom 25%
8,Spotify Technology SA,Technology,,,-0.04450579,Negative Return,,61.3,48.4,0.181564865,32,67,141.91,SPOT.K,167.67587,3rd Quartile,-0.047647809,0,No Dividend,Technology,Luxembourg,Rest All
9,Eni SpA,Energy,,,0.030952381,Between 0 and 10% Return,,4.7,82.3,0.151193226,62,9,15.588,ENI.MI,17.9448,1st Quartile,0.162586239,0.060016468,Greater than 5% Yield,Energy,Italy,Equity Rank: Bottom 25%
10,Commonwealth Bank of Australia,Financials,,,0.021183449,Between 0 and 10% Return,,74.7,57,0,71,79,72.31,CBA.AX,71.99015,2nd Quartile,0.017545124,0.076614026,Greater than 5% Yield,Financials,Australia,Rest All
11,BT Group PLC,Telco,,,-0.026816609,Negative Return,,10.6,63.6,0.268304089,88,15,225,BT.L,285.36842,2nd Quartile,0.053423899,0.044074558,Less than 5% Yield,Telco,United Kingdom,Equity Rank: Bottom 25%
12,Albemarle Corp,Materials,,,0.054325829,Between 0 and 10% Return,,65.4,37.1,0.278442402,54,72,85.42,ALB,109.20455,3rd Quartile,-0.118500606,0.016104691,Less than 5% Yield,Materials,US,Rest All
13,Deutsche Bank AG,Financials,,,0.012173012,Between 0 and 10% Return,,61.3,3.7,0,5,67,7.816,DBKGn.DE,7.70046,4th Quartile,-0.384924731,0.016309505,Less than 5% Yield,Financials,Germany,Rest All
14,CSL Ltd,Health Care,,,0.065571149,Between 0 and 10% Return,,52.2,85.3,0.044485428,73,58,195.93,CSL.AX,204.64603,1st Quartile,0.197843419,0.014494383,Less than 5% Yield,Health Care,Australia,Rest All
15,Adidas AG,Consumer Discretionary,,,0.066532764,Between 0 and 10% Return,,57,72.9,0.050073964,75,63,212.4,ADSGn.DE,223.03571,2nd Quartile,0.109208535,0.015692487,Less than 5% Yield,Consumer Discretionary,Germany,Rest All
16,Airbus SE,Industrials,,,0.060371238,Between 0 and 10% Return,,7,90.4,0.087290789,63,12,117.68,AIR.PA,127.95238,1st Quartile,0.246177989,0.018280643,Less than 5% Yield,Industrials,Netherlands,Equity Rank: Bottom 25%
17,Allergan plc,Health Care,,,0.087581793,Between 0 and 10% Return,,2.7,42.1,0.218473521,50,8,151.25,AGN,184.29412,3rd Quartile,-0.088515554,0.015486033,Less than 5% Yield,Health Care,Ireland,Equity Rank: Bottom 25%
18,Allianz SE,Financials,,,0.056589881,Between 0 and 10% Return,,26,72.4,0.085739174,75,28,200.9,ALVG.DE,218.125,2nd Quartile,0.107712734,0.044698316,Less than 5% Yield,Financials,Germany,Rest All
19,Alphabet Inc,Technology,,,0.063119066,Between 0 and 10% Return,,14.3,62.6,0.128959086,55,19,1190.3,GOOGL.O,1343.8,2nd Quartile,0.049258652,0,No Dividend,Technology,US,Equity Rank: Bottom 25%
20,Altria Group Inc,Consumer Staples,,,0.164341403,Return Greater than 10%,,4.7,46.2,0.000881057,59,9,56.75,MO,56.8,3rd Quartile,-0.063500929,0.042288461,Less than 5% Yield,Consumer Staples,US,Equity Rank: Bottom 25%
21,Amazon.com Inc,Consumer Discretionary,,,0.064933611,Between 0 and 10% Return,,35.6,70.7,0.214724392,67,36,1712.36,AMZN.O,2080.04546,2nd Quartile,0.089509315,0,No Dividend,Consumer Discretionary,US,Rest All
22,Ambev SA,Consumer Staples,,,-0.127272727,Negative Return,,60.8,4.7,0.174034722,25,66,4.32,ABEV.K,5.07183,4th Quartile,-0.376085442,0.03546154,Less than 5% Yield,Consumer Staples,Brazil,Rest All
23,Advanced Micro Devices Inc,Technology,,,-0.016469595,Negative Return,,49.4,100,0.052907686,90,55,23.29,AMD.O,24.52222,1st Quartile,1.030514385,0,No Dividend,Technology,US,Rest All
24,American Express Co,Financials,,,0.057180108,Between 0 and 10% Return,,2.7,86.8,0.036017442,85,8,113.52,AXP,117.6087,1st Quartile,0.205307839,0.015084121,Less than 5% Yield,Financials,US,Equity Rank: Bottom 25%
25,American International Group Inc,Financials,,,0.04825428,Between 0 and 10% Return,,13.1,27.7,0.139872843,16,17,44.04,AIG,50.2,3rd Quartile,-0.166070372,0.018788028,Less than 5% Yield,Financials,US,Equity Rank: Bottom 25%
26,Amgen Inc,Health Care,,,0.015397685,Between 0 and 10% Return,,27,61.6,0.084152531,92,29,191.24,AMGN.O,207.33333,2nd Quartile,0.045659319,0.024610575,Less than 5% Yield,Health Care,US,Rest All
27,Anheuser Busch Inbev NV,Consumer Staples,,,0.047626004,Between 0 and 10% Return,,73.4,24.4,0.149108493,7,78,71.71,ABI.BR,82.40257,4th Quartile,-0.190277686,0.033547174,Less than 5% Yield,Consumer Staples,Belgium,Rest All
28,Apple Inc,Technology,,,0.092125337,Between 0 and 10% Return,,5.5,65.9,0,64,10,186.12,AAPL.O,180.84647,2nd Quartile,0.061454738,0.017722351,Less than 5% Yield,Technology,US,Equity Rank: Bottom 25%
29,Applied Materials Inc,Technology,,,0.038289724,Between 0 and 10% Return,,33,11.6,0.197844764,7,34,40.39,AMAT.O,48.38095,4th Quartile,-0.307187693,0.016629572,Less than 5% Yield,Technology,US,Rest All
30,Asahi Group Holdings Ltd,Consumer Staples,,,-0.011598482,Negative Return,,76,30,0.288518393,23,80,4687,2502.T,6039.28571,3rd Quartile,-0.152968595,0.013742549,Less than 5% Yield,Consumer Staples,Japan,Equity Rank: Top 25%
31,Astellas Pharma Inc,Health Care,,,0.035756853,Between 0 and 10% Return,,49.4,80.3,0.131089373,68,55,1738,4503.T,1965.83333,1st Quartile,0.146760145,0.020344591,Less than 5% Yield,Health Care,Japan,Rest All
32,AT&T Inc,Telco,,,0.006563833,Between 0 and 10% Return,,39.6,36.8,0.103558852,51,42,30.67,T,33.84615,3rd Quartile,-0.118797044,0.05447849,Greater than 5% Yield,Telco,US,Rest All
33,Australia and New Zealand Banking Group Ltd,Financials,,,-0.017157777,Negative Return,,93.4,55,0.060512334,55,96,26.35,ANZ.AX,27.9445,2nd Quartile,-0.003327602,0.083743682,Greater than 5% Yield,Financials,Australia,Equity Rank: Top 25%
34,AXA SA,Financials,,,0.098818993,Between 0 and 10% Return,,22.9,63.8,0.168384733,63,26,22.795,AXAF.PA,26.63333,2nd Quartile,0.056237447,0.048670721,Less than 5% Yield,Financials,France,Equity Rank: Bottom 25%
35,Banco Santander SA,Financials,,,0.068658537,Between 0 and 10% Return,,13.1,30.5,0.167497432,19,17,4.3815,SAN.MC,5.11539,3rd Quartile,-0.14924394,0.059819896,Greater than 5% Yield,Financials,Spain,Equity Rank: Bottom 25%
36,Bank of America Corp,Financials,,,0.011718818,Between 0 and 10% Return,,16.4,44.9,0.137437543,46,21,29.3,BAC,33.32692,3rd Quartile,-0.070990387,0.014321134,Less than 5% Yield,Financials,US,Equity Rank: Bottom 25%
37,Barclays PLC,Financials,,,0.065726472,Between 0 and 10% Return,,22.9,26.5,0.279473243,6,26,165.94,BARC.L,212.31579,3rd Quartile,-0.178031139,0.027678783,Less than 5% Yield,Financials,United Kingdom,Equity Rank: Bottom 25%
38,Bayer AG,Health Care,,,-0.006161068,Negative Return,,91.6,14.3,0.333868192,7,95,67.75,BAYGn.DE,90.36957,4th Quartile,-0.259197108,0.025011754,Less than 5% Yield,Health Care,Germany,Equity Rank: Top 25%
39,BHP Group PLC,Materials,,,-0.017915529,Negative Return,,42.6,98.7,0.045216863,85,47,1718.6,BHPB.L,1796.3097,1st Quartile,0.384874935,0.053210288,Greater than 5% Yield,Materials,United Kingdom,Rest All
40,BHP Group Ltd,Materials,,,0.021173863,Between 0 and 10% Return,,26,97.7,0.009288103,92,28,36.48,BHP.AX,36.81883,1st Quartile,0.369592162,0.063491755,Greater than 5% Yield,Materials,Australia,Rest All
41,Biogen Inc,Health Care,,,-0.009012527,Negative Return,,37.1,80.5,0.152402037,83,39,329.87,BIIB.O,380.14286,1st Quartile,0.146895209,0,No Dividend,Health Care,US,Rest All
42,Bayerische Motoren Werke AG,Consumer Discretionary,,,0.046912534,Between 0 and 10% Return,,44.4,39.8,0.10064975,17,48,74.09,BMWG.DE,81.54714,3rd Quartile,-0.098112579,0.038591858,Less than 5% Yield,Consumer Discretionary,Germany,Rest All
43,BNP Paribas SA,Financials,,,0.051650439,Between 0 and 10% Return,,45.2,16.1,0.24075127,2,50,44.285,BNPP.PA,54.94667,4th Quartile,-0.251389578,0.041797161,Less than 5% Yield,Financials,France,Rest All
44,Boeing Co,Industrials,,,-0.093260282,Negative Return,,97.9,82.5,0.152932795,83,100,378.99,BA,436.95,1st Quartile,0.163714598,0.025684036,Less than 5% Yield,Industrials,US,Equity Rank: Top 25%
45,Booking Holdings Inc,Consumer Discretionary,,,-0.093816102,Negative Return,,36.6,23.2,0.15988827,34,38,1752.17,BKNG.O,2032.32143,4th Quartile,-0.193102432,0,No Dividend,Consumer Discretionary,US,Rest All
46,BP PLC,Energy,,,0.001839926,Between 0 and 10% Return,,9,87.3,0.142132397,69,14,544.5,BP.L,621.89109,1st Quartile,0.216516395,0.065119997,Greater than 5% Yield,Energy,United Kingdom,Equity Rank: Bottom 25%
47,Bristol-Myers Squibb Co,Health Care,,,-0.033094639,Negative Return,,90.4,19.1,0.134907926,54,94,49.96,BMY,56.7,4th Quartile,-0.227805921,0.026314505,Less than 5% Yield,Health Care,US,Equity Rank: Top 25%
48,British American Tobacco PLC,Consumer Staples,,,0.077124869,Between 0 and 10% Return,,44.9,21.2,0.128069131,10,49,3079.5,BATS.L,3473.88889,4th Quartile,-0.219421764,0.041718896,Less than 5% Yield,Consumer Staples,United Kingdom,Rest All
49,Caterpillar Inc,Industrials,,,-0.025917768,Negative Return,,52.2,35.1,0.085057285,37,58,132.67,CAT,143.95455,3rd Quartile,-0.131428794,0.031033092,Less than 5% Yield,Industrials,US,Rest All
50,Celgene Corp,Health Care,,,-0.02458926,Negative Return,,18.9,53,0.104037531,57,23,88.46,CELG.O,97.66316,2nd Quartile,-0.012833389,0,No Dividend,Health Care,US,Equity Rank: Bottom 25%
51,Chevron Corp,Energy,,,0.04993716,Between 0 and 10% Return,,20.4,76.2,0.097591014,54,24,125.31,CVX,137.53913,1st Quartile,0.127526448,0.040076975,Less than 5% Yield,Energy,US,Equity Rank: Bottom 25%
52,Cisco Systems Inc,Technology,,,0.076269472,Between 0 and 10% Return,,11.6,87.6,0.036184211,88,16,53.2,CSCO.O,55.125,1st Quartile,0.218567708,0.031960189,Less than 5% Yield,Technology,US,Equity Rank: Bottom 25%
53,Citigroup Inc,Financials,,,0.01431461,Between 0 and 10% Return,,14.8,41.1,0.18352278,44,20,65.19,C,77.15385,3rd Quartile,-0.090471471,0.010823126,Less than 5% Yield,Financials,US,Equity Rank: Bottom 25%
54,CME Group Inc,Financials,,,-0.025771157,Negative Return,,96.7,64.8,0.147290467,97,98,170.14,CME.O,195.2,2nd Quartile,0.057337202,0.021003788,Less than 5% Yield,Financials,US,Equity Rank: Top 25%
55,Coca-Cola Co,Consumer Staples,,,0.010090604,Between 0 and 10% Return,,28.2,69.1,0.103752759,91,30,45.3,KO,50,2nd Quartile,0.078417372,0.032297724,Less than 5% Yield,Consumer Staples,US,Rest All
56,Colgate-Palmolive Co,Consumer Staples,,,0.010830325,Between 0 and 10% Return,,30.3,54,0,61,32,67.2,CL,64.07143,2nd Quartile,-0.009483446,0.022885704,Less than 5% Yield,Consumer Staples,US,Rest All
57,Credit Suisse Group AG,Financials,,,0.028510638,Between 0 and 10% Return,,48.4,12.8,0.249022755,4,54,12.085,CSGN.S,15.09444,4th Quartile,-0.295685051,0.034113924,Less than 5% Yield,Financials,Switzerland,Rest All
58,Daimler AG,Consumer Discretionary,,,0.020944477,Between 0 and 10% Return,,64.3,21.9,0.14945268,4,71,51.67,DAIGn.DE,59.39222,4th Quartile,-0.21126481,0.046528579,Less than 5% Yield,Consumer Discretionary,Germany,Rest All
59,Danone SA,Consumer Staples,,,0.051149338,Between 0 and 10% Return,,2.7,64.1,0.093464156,59,8,69.05,DANO.PA,75.5037,2nd Quartile,0.056270861,0.026371673,Less than 5% Yield,Consumer Staples,France,Equity Rank: Bottom 25%
60,Deutsche Telekom AG,Telco,,,0.084151473,Between 0 and 10% Return,,0.7,87.1,0.077743208,94,4,15.46,DTEGn.DE,16.66191,1st Quartile,0.208606666,0.038423395,Less than 5% Yield,Telco,Germany,Equity Rank: Bottom 25%
61,Expedia Group Inc,Consumer Discretionary,,,-0.041069336,Negative Return,,78.2,69.9,0.262750905,73,83,121.56,EXPE.O,153.5,2nd Quartile,0.084917341,0.008802305,Less than 5% Yield,Consumer Discretionary,US,Equity Rank: Top 25%
62,Exxon Mobil Corp,Energy,,,0.03139879,Between 0 and 10% Return,,34.3,73.4,0.047903556,67,35,80.15,XOM,83.98947,2nd Quartile,0.11208292,0.035692403,Less than 5% Yield,Energy,US,Rest All
63,Facebook Inc,Technology,,,0.021415385,Between 0 and 10% Return,,42.6,38.6,0.183615616,26,47,165.98,FB.O,196.45652,3rd Quartile,-0.103247069,0,No Dividend,Technology,US,Rest All
64,Fanuc Corp,Industrials,,,0.002919321,Between 0 and 10% Return,,52.2,13.8,0,16,58,18895,6954.T,17016.66667,4th Quartile,-0.26320966,0.02241268,Less than 5% Yield,Industrials,Japan,Rest All
65,Fast Retailing Co Ltd,Consumer Discretionary,,,0.097906404,Between 0 and 10% Return,,35.6,93.6,0.036753365,88,36,53490,9983.T,55455.9375,1st Quartile,0.278645518,0.008553297,Less than 5% Yield,Consumer Discretionary,Japan,Rest All
66,FedEx Corp,Industrials,,,-0.003605911,Negative Return,,34.3,13.3,0.247547253,24,35,177.98,FDX,222.03846,4th Quartile,-0.285057953,0.007900713,Less than 5% Yield,Industrials,US,Rest All
67,Ford Motor Co,Consumer Discretionary,,,-0.012880562,Negative Return,,80.3,22.9,0.100080664,16,84,8.43,F,9.27368,4th Quartile,-0.195223844,0.047418981,Less than 5% Yield,Consumer Discretionary,US,Equity Rank: Top 25%
68,Freeport-McMoRan Inc,Materials,,,0.005700326,Between 0 and 10% Return,,62.6,10.3,0.156737652,6,69,12.35,FCX,14.28571,4th Quartile,-0.317913218,0.015945415,Less than 5% Yield,Materials,US,Rest All
69,Fresenius SE & Co KGaA,Health Care,,,0.036182818,Between 0 and 10% Return,,39.6,19.9,0.159842761,20,42,48.97,FREG.DE,56.7975,4th Quartile,-0.225497999,0.009663961,Less than 5% Yield,Health Care,Germany,Rest All
70,Fujitsu Ltd,Technology,,,-0.021989393,Negative Return,,66.4,86.6,0.114372336,97,73,7561,6702.T,8425.76923,1st Quartile,0.205032002,0.01300842,Less than 5% Yield,Technology,Japan,Rest All
71,General Electric Co,Industrials,,,0.027979528,Between 0 and 10% Return,,11.6,14.1,0.245696787,25,16,9.96,GE,12.40714,4th Quartile,-0.260745152,0.031983935,Less than 5% Yield,Industrials,US,Equity Rank: Bottom 25%
72,General Motors Co,Consumer Discretionary,,,-0.016364807,Negative Return,,68.1,61.3,0.238320462,58,74,38.07,GM,47.14286,2nd Quartile,0.044499863,0.041341937,Less than 5% Yield,Consumer Discretionary,US,Rest All
73,Gilead Sciences Inc,Health Care,,,-0.019556622,Negative Return,,18.9,30.8,0.225519275,53,23,65.63,GILD.O,80.43083,3rd Quartile,-0.148702741,0.025743189,Less than 5% Yield,Health Care,US,Equity Rank: Bottom 25%
74,GlaxoSmithKline PLC,Health Care,,,-0.036017927,Negative Return,,46.9,84.8,0.090466462,79,53,1501.6,GSK.L,1637.44444,1st Quartile,0.194731976,0.056725983,Greater than 5% Yield,Health Care,United Kingdom,Rest All
75,Glencore PLC,Materials,,,0.005927877,Between 0 and 10% Return,,37.8,27.2,0.208582649,35,40,305.45,GLEN.L,369.16157,3rd Quartile,-0.17172097,0.025411314,Less than 5% Yield,Materials,Switzerland,Rest All
76,Goldman Sachs Group Inc,Financials,,,0.002824414,Between 0 and 10% Return,,35.6,16.9,0.162844043,16,36,198.26,GS,230.54546,4th Quartile,-0.2479805,0.013746852,Less than 5% Yield,Financials,US,Rest All
77,Halliburton Co,Energy,,,-0.116602409,Negative Return,,66.4,4.5,0.393233822,8,73,27.97,HAL,38.96875,4th Quartile,-0.378301063,0.016357677,Less than 5% Yield,Energy,US,Rest All
78,Home Depot Inc,Consumer Discretionary,,,-0.045697886,Negative Return,,48.4,61.1,0.114564781,57,54,182.23,HD,203.10714,2nd Quartile,0.042852728,0.021325439,Less than 5% Yield,Consumer Discretionary,US,Rest All
79,Honda Motor Co Ltd,Consumer Discretionary,,,0.02842725,Between 0 and 10% Return,,68.1,33.3,0.302314841,31,74,3057,7267.T,3981.17647,3rd Quartile,-0.140223193,0.026863521,Less than 5% Yield,Consumer Discretionary,Japan,Rest All
80,Honeywell International Inc,Industrials,,,0.018684598,Between 0 and 10% Return,,22.9,70.9,0.062117799,79,26,155.35,HON,165,2nd Quartile,0.091442965,0.020727367,Less than 5% Yield,Industrials,US,Equity Rank: Bottom 25%
81,International Business Machines Corp,Technology,,,0.010142723,Between 0 and 10% Return,,30.3,41.9,0.005681848,38,32,139.43,IBM,140.22222,3rd Quartile,-0.088930549,0.035739157,Less than 5% Yield,Technology,US,Rest All
82,Industria de Diseno Textil SA,Consumer Discretionary,,,0.014458773,Between 0 and 10% Return,,97.9,59.8,0.112878659,46,100,25.96,ITX.MC,28.89033,2nd Quartile,0.033635094,0.022561659,Less than 5% Yield,Consumer Discretionary,Spain,Equity Rank: Top 25%
83,ING Groep NV,Financials,,,0.003803659,Between 0 and 10% Return,,53.2,24.7,0.266519307,8,59,11.084,INGA.AS,14.0381,4th Quartile,-0.188830637,0.051689982,Greater than 5% Yield,Financials,Netherlands,Rest All
84,Intel Corp,Technology,,,0.051684088,Between 0 and 10% Return,,42.6,70.4,0,46,47,54.33,INTC.O,53.32143,2nd Quartile,0.087933133,0.028482781,Less than 5% Yield,Technology,US,Rest All
85,Japan Tobacco Inc,Consumer Staples,,,0.014928058,Between 0 and 10% Return,,46.9,52.5,0.220736378,42,53,2821.5,2914.T,3444.30769,2nd Quartile,-0.013826647,0.034834698,Less than 5% Yield,Consumer Staples,Japan,Rest All
86,Johnson & Johnson,Health Care,,,0.015612635,Between 0 and 10% Return,,55,65.1,0.05164157,91,61,137.6,JNJ,144.70588,2nd Quartile,0.057454622,0.027276755,Less than 5% Yield,Health Care,US,Rest All
87,JPMorgan Chase & Co,Financials,,,0.009474183,Between 0 and 10% Return,,14.8,47.9,0.08851694,49,20,106.55,JPM,115.98148,3rd Quartile,-0.0531726,0.02614048,Less than 5% Yield,Financials,US,Equity Rank: Bottom 25%
88,Kimberly-Clark Corp,Consumer Staples,,,0.023850068,Between 0 and 10% Return,,13.1,73.7,0,89,17,120.19,KMB,108.9375,2nd Quartile,0.112344773,0.031859758,Less than 5% Yield,Consumer Staples,US,Equity Rank: Bottom 25%
89,Komatsu Ltd,Industrials,,,-0.002798507,Negative Return,,68.1,18.6,0.315137841,19,74,2672.5,6301.T,3514.70588,4th Quartile,-0.22979265,0.02505536,Less than 5% Yield,Industrials,Japan,Rest All
90,Kraft Heinz Co,Consumer Staples,,,-0.317670965,Negative Return,,52.2,2.2,0.192739171,35,58,32.09,KHC.O,38.275,4th Quartile,-0.48618202,0.033719369,Less than 5% Yield,Consumer Staples,US,Rest All
91,Las Vegas Sands Corp,Consumer Discretionary,,,-0.009119549,Negative Return,,55.5,27.5,0.094081158,5,62,59.76,LVS,65.38229,3rd Quartile,-0.166180518,0.047134368,Less than 5% Yield,Consumer Discretionary,US,Rest All
92,Lloyds Banking Group PLC,Financials,,,0.109514031,Return Greater than 10%,,11.6,56,0.146952807,37,16,64.84,LLOY.L,74.36842,2nd Quartile,0.008021091,0.029908777,Less than 5% Yield,Financials,United Kingdom,Equity Rank: Bottom 25%
93,Lockheed Martin Corp,Industrials,,,-0.029210307,Negative Return,,81.3,43.4,0.159697586,50,85,296.15,LMT,343.44444,3rd Quartile,-0.081963157,0.02854373,Less than 5% Yield,Industrials,US,Equity Rank: Top 25%
94,L'Oreal SA,Consumer Staples,,,0.064472498,Between 0 and 10% Return,,2.2,96.7,0,75,7,236.1,OREP.PA,213.70833,1st Quartile,0.335764442,0.018108798,Less than 5% Yield,Consumer Staples,France,Equity Rank: Bottom 25%
95,LVMH Moet Hennessy Louis Vuitton SE,Consumer Discretionary,,,0.082936778,Between 0 and 10% Return,,10.6,95.7,0.014940364,57,15,318.6,LVMH.PA,323.36,1st Quartile,0.312897727,0.020728977,Less than 5% Yield,Consumer Discretionary,France,Equity Rank: Bottom 25%
96,Mastercard Inc,Technology,,,0.040790599,Between 0 and 10% Return,,18.9,92.9,0.041002942,86,23,231.17,MA,240.64865,1st Quartile,0.273462994,0.006702834,Less than 5% Yield,Technology,US,Equity Rank: Bottom 25%
97,Mcdonald's Corp,Consumer Discretionary,,,0.0362805,Between 0 and 10% Return,,30.3,83,0.066704311,96,32,185.33,MCD,197.69231,1st Quartile,0.170321851,0.029645793,Less than 5% Yield,Consumer Discretionary,US,Rest All
98,Merck & Co Inc,Health Care,,,0.028950507,Between 0 and 10% Return,,17.1,99.2,0.048442197,100,22,81.57,MRK,85.52143,1st Quartile,0.507594249,0.031123556,Less than 5% Yield,Health Care,US,Equity Rank: Bottom 25%
99,Micron Technology Inc,Technology,,,-0.058347226,Negative Return,,66.4,7,0.17873394,5,73,39.54,MU.O,46.60714,4th Quartile,-0.347309343,0,No Dividend,Technology,US,Rest All
100,Microsoft Corp,Technology,,,0.075657061,Between 0 and 10% Return,,14.8,90.1,0.090187559,93,20,115.91,MSFT.O,126.36364,1st Quartile,0.246102293,0.023737799,Less than 5% Yield,Technology,US,Equity Rank: Bottom 25%
101,Mitsubishi UFJ Financial Group Inc,Financials,,,0.000349773,Between 0 and 10% Return,,74.7,26,0.419205787,38,79,572,8306.T,811.78571,3rd Quartile,-0.178448264,0.02729764,Less than 5% Yield,Financials,Japan,Rest All
102,Mizuho Financial Group Inc,Financials,,,-0.004616272,Negative Return,,81.3,43.9,0.210821275,50,85,172.5,8411.T,208.86667,3rd Quartile,-0.079767659,0.03693963,Less than 5% Yield,Financials,Japan,Equity Rank: Top 25%
103,Mondelez International Inc,Consumer Staples,,,-0.007475083,Negative Return,,28.2,78,0.039051674,87,30,47.8,MDLZ.O,49.66667,1st Quartile,0.132810758,0.018216485,Less than 5% Yield,Consumer Staples,US,Rest All
104,Morgan Stanley,Financials,,,0.03191236,Between 0 and 10% Return,,14.8,18.9,0.201597508,11,20,43.33,MS,52.06522,4th Quartile,-0.227962721,0.01903537,Less than 5% Yield,Financials,US,Equity Rank: Bottom 25%
105,Muenchener Rueckversicherungs Gesellschaft AG in Muenchen,Financials,,,0.06072478,Between 0 and 10% Return,,11.6,85.6,0,87,16,216.6,MUVGn.DE,204.65238,1st Quartile,0.198193022,0.046350599,Less than 5% Yield,Financials,Germany,Equity Rank: Bottom 25%
106,National Australia Bank Ltd,Financials,,,0.04087531,Between 0 and 10% Return,,72.7,43.6,0.075452995,31,77,25.21,NAB.AX,27.11217,3rd Quartile,-0.079836202,0.094734702,Greater than 5% Yield,Financials,Australia,Rest All
107,Nestle SA,Consumer Staples,,,0.051851852,Between 0 and 10% Return,,1.5,91.9,0.009296842,95,5,93.72,NESN.S,94.5913,1st Quartile,0.263659255,0.029852941,Less than 5% Yield,Consumer Staples,Switzerland,Equity Rank: Bottom 25%
108,Netflix Inc,Consumer Discretionary,,,0.012861826,Between 0 and 10% Return,,37.8,78.7,0.05951884,58,40,361.46,NFLX.O,382.97368,1st Quartile,0.135060449,0,No Dividend,Consumer Discretionary,US,Rest All
109,Newmont Mining Corp,Materials,,,0.001203369,Between 0 and 10% Return,,62.6,39.1,0.21885516,30,69,33.14,NEM,40.39286,3rd Quartile,-0.098705579,0.007836853,Less than 5% Yield,Materials,US,Rest All
110,Nike Inc,Consumer Discretionary,,,0.019197603,Between 0 and 10% Return,,22.9,96.4,0.014010714,87,26,86.8,NKE,88.01613,1st Quartile,0.331008405,0.011621773,Less than 5% Yield,Consumer Discretionary,US,Equity Rank: Bottom 25%
111,Nintendo Co Ltd,Technology,,,0.062905983,Between 0 and 10% Return,,49.4,6.3,0.449302783,19,55,31090,7974.T,45058.82353,4th Quartile,-0.356218107,0.010584615,Less than 5% Yield,Technology,Japan,Rest All
112,Nissan Motor Co Ltd,Consumer Discretionary,,,0.003743316,Between 0 and 10% Return,,54.2,36.1,0.07242471,25,60,938.5,7201.T,1006.47059,3rd Quartile,-0.121410053,0.039181752,Less than 5% Yield,Consumer Discretionary,Japan,Rest All
113,Nomura Holdings Inc,Financials,,,-0.041010195,Negative Return,,83,8.5,0.158358154,9,86,413.9,8604.T,479.44444,4th Quartile,-0.332795979,0.028348966,Less than 5% Yield,Financials,Japan,Equity Rank: Top 25%
114,Novartis AG,Health Care,,,0.074611571,Between 0 and 10% Return,,1.5,89.3,0.002824947,99,5,93.8,NOVN.S,94.06498,1st Quartile,0.241038594,0.032627044,Less than 5% Yield,Health Care,Switzerland,Equity Rank: Bottom 25%
115,NVIDIA Corp,Technology,,,0.08037453,Between 0 and 10% Return,,11.6,10.1,0.090189035,15,16,169.81,NVDA.O,185.125,4th Quartile,-0.319890678,0.009682064,Less than 5% Yield,Technology,US,Equity Rank: Bottom 25%
116,Oracle Corp,Technology,,,0.023588554,Between 0 and 10% Return,,28.2,58.8,0.004390064,85,30,52.94,ORCL.K,53.17241,2nd Quartile,0.02912699,0.014730883,Less than 5% Yield,Technology,US,Rest All
117,Orange SA,Telco,,,0.054376164,Between 0 and 10% Return,,0.7,64.6,0.174202049,63,4,14.155,ORAN.PA,16.62083,2nd Quartile,0.057246486,0.046631491,Less than 5% Yield,Telco,France,Equity Rank: Bottom 25%
118,PayPal Holdings Inc,Technology,,,0.061321252,Between 0 and 10% Return,,20.4,88.3,0.015208081,82,24,100.73,PYPL.O,102.26191,1st Quartile,0.226022395,0,No Dividend,Technology,US,Equity Rank: Bottom 25%
119,Pfizer Inc,Health Care,,,-0.014622642,Negative Return,,85.1,83.3,0.056554811,100,89,41.78,PFE,44.14286,1st Quartile,0.175656885,0.035524125,Less than 5% Yield,Health Care,US,Equity Rank: Top 25%
120,Philip Morris International Inc,Consumer Staples,,,0.088545411,Between 0 and 10% Return,,13.1,44.6,0,65,17,90.85,PM,89.11765,3rd Quartile,-0.072237448,0.045696683,Less than 5% Yield,Consumer Staples,US,Equity Rank: Bottom 25%
121,Procter & Gamble Co,Consumer Staples,,,0.04021121,Between 0 and 10% Return,,7,97.2,0,97,12,102.44,PG,98.07143,1st Quartile,0.34390709,0.032202973,Less than 5% Yield,Consumer Staples,US,Equity Rank: Bottom 25%
122,Prudential PLC,Financials,,,0.060032626,Between 0 and 10% Return,,36.3,35.6,0.19971273,16,37,1624.5,PRU.L,1948.93333,3rd Quartile,-0.127694726,0.027267093,Less than 5% Yield,Financials,United Kingdom,Rest All
123,Qualcomm Inc,Technology,,,0.101199788,Return Greater than 10%,,10.6,50.7,0.132410601,71,15,56.6,QCOM.O,64.09444,2nd Quartile,-0.02679059,0.034620091,Less than 5% Yield,Technology,US,Equity Rank: Bottom 25%
124,Raytheon Co,Industrials,,,-0.036076052,Negative Return,,63.8,33.5,0.156306322,26,70,177.95,RTN,205.76471,3rd Quartile,-0.137332358,0.02107842,Less than 5% Yield,Industrials,US,Rest All
125,Reckitt Benckiser Group PLC,Consumer Staples,,,0.04370949,Between 0 and 10% Return,,2.7,79.5,0.094576621,82,8,6280,RB.L,6873.94118,1st Quartile,0.136224824,0.024860264,Less than 5% Yield,Consumer Staples,United Kingdom,Equity Rank: Bottom 25%
126,Rio Tinto Ltd,Materials,,,0.106921057,Return Greater than 10%,,20.4,97.4,0,81,24,91.65,RIO.AX,88.81071,1st Quartile,0.348674659,0.065660691,Greater than 5% Yield,Materials,Australia,Equity Rank: Bottom 25%
127,Rio Tinto PLC,Materials,,,0.060051426,Between 0 and 10% Return,,31.5,93.9,0.04075067,71,33,4151,RIO.L,4320.15603,1st Quartile,0.279356783,0.053617144,Greater than 5% Yield,Materials,United Kingdom,Rest All
128,Roche Holding AG,Health Care,,,0.028612728,Between 0 and 10% Return,,9,93.1,0.007914596,97,14,271.65,ROG.S,273.8,1st Quartile,0.274021354,0.032378575,Less than 5% Yield,Health Care,Switzerland,Equity Rank: Bottom 25%
129,Royal Dutch Shell PLC,Energy,,,-0.016369961,Negative Return,,28.2,77.7,0.171686636,59,30,2403.5,RDSb.L,2816.14883,1st Quartile,0.130858384,0.064019332,Greater than 5% Yield,Energy,Netherlands,Rest All
130,Koninklijke Philips NV,Health Care,,,0.037760046,Between 0 and 10% Return,,37.1,78.2,0.060918028,55,39,36.415,PHG.AS,38.63333,1st Quartile,0.133487657,0.029250532,Less than 5% Yield,Health Care,Netherlands,Rest All
131,Salesforce.Com Inc,Technology,,,0.015466834,Between 0 and 10% Return,,28.2,94.4,0.123240852,86,30,161.51,CRM,181.41463,1st Quartile,0.282130666,0,No Dividend,Technology,US,Rest All
132,Sanofi SA,Health Care,,,0.05728336,Between 0 and 10% Return,,2.2,91.6,0.046627781,98,7,79.55,SASY.PA,83.25924,1st Quartile,0.259355567,0.037628909,Less than 5% Yield,Health Care,France,Equity Rank: Bottom 25%
133,SAP SE,Technology,,,0.053552492,Between 0 and 10% Return,,14.8,81.8,0.073557423,59,20,99.35,SAPG.DE,106.65793,1st Quartile,0.153991088,0.015461605,Less than 5% Yield,Technology,Germany,Equity Rank: Bottom 25%
134,Schlumberger NV,Energy,,,-0.056952169,Negative Return,,53.2,8.3,0.266236377,8,59,42.39,SLB,53.67576,4th Quartile,-0.333945321,0.026861457,Less than 5% Yield,Energy,US,Rest All
135,Seven & i Holdings Co Ltd,Consumer Staples,,,-0.046769231,Negative Return,,80.3,63.1,0.218528083,84,84,4647,3382.T,5662.5,2nd Quartile,0.051139046,0.017426917,Less than 5% Yield,Consumer Staples,Japan,Equity Rank: Top 25%
136,Siemens AG,Industrials,,,0.035510463,Between 0 and 10% Return,,34.3,48.2,0.226958461,26,35,97.98,SIEGn.DE,120.21739,3rd Quartile,-0.049390786,0.033995248,Less than 5% Yield,Industrials,Germany,Rest All
137,Snap Inc,Technology,,,0.223684211,Return Greater than 10%,,0.2,7.3,0,13,3,11.16,SNAP.K,8.785,4th Quartile,-0.343915344,0,No Dividend,Technology,US,Equity Rank: Bottom 25%
138,Societe Generale SA,Financials,,,0.112039112,Return Greater than 10%,,26,5.5,0.17468987,7,28,27.295,SOGN.PA,32.06316,4th Quartile,-0.360465311,0.045246241,Less than 5% Yield,Financials,France,Rest All
139,SoftBank Group Corp,Telco,,,0.049370765,Between 0 and 10% Return,,24.7,92.1,0.247977576,77,27,10840,9984.T,13528.07692,1st Quartile,0.266184144,0.005540994,Less than 5% Yield,Telco,Japan,Equity Rank: Bottom 25%
140,Sony Corp,Consumer Discretionary,,,0.014466904,Between 0 and 10% Return,,66.4,48.7,0.475874194,76,73,5119,6758.T,7555,3rd Quartile,-0.042037099,0.004817607,Less than 5% Yield,Consumer Discretionary,Japan,Rest All
141,Square Inc,Technology,,,0.013352723,Between 0 and 10% Return,,33,98.9,0.082002348,86,34,76.65,SQ,82.93548,1st Quartile,0.396429222,0,No Dividend,Technology,US,Rest All
142,Starbucks Corp,Consumer Discretionary,,,-0.000565691,Negative Return,,39.6,88.1,0,95,42,70.67,SBUX.O,69.39583,1st Quartile,0.22539021,0.016912645,Less than 5% Yield,Consumer Discretionary,US,Rest All
143,Sumitomo Mitsui Financial Group Inc,Financials,,,0.007874016,Between 0 and 10% Return,,42.6,40.4,0.355374244,44,47,3968,8316.T,5378.125,3rd Quartile,-0.096093933,0.034987899,Less than 5% Yield,Financials,Japan,Rest All
144,Takeda Pharmaceutical Co Ltd,Health Care,,,0.052243804,Between 0 and 10% Return,,40.6,34.5,0.272544027,54,43,4713,4502.T,5997.5,3rd Quartile,-0.135265504,0.035034825,Less than 5% Yield,Health Care,Japan,Rest All
145,Tesla Inc,Consumer Discretionary,,,-0.105398207,Negative Return,,31.5,32,0.19552645,71,33,275.43,TSLA.O,329.28385,3rd Quartile,-0.142897153,0,No Dividend,Consumer Discretionary,US,Rest All
146,Toshiba Corp,Industrials,,,0.067164179,Between 0 and 10% Return,,24.7,72.2,0.002890442,80,27,3575,6502.T,3585.33333,2nd Quartile,0.107596685,0.004433609,Less than 5% Yield,Industrials,Japan,Equity Rank: Bottom 25%
147,Total SA,Energy,,,0.040346111,Between 0 and 10% Return,,11.6,79.7,0.146611799,62,16,51.7,TOTF.PA,59.27983,1st Quartile,0.137580662,0.05320403,Greater than 5% Yield,Energy,France,Equity Rank: Bottom 25%
148,Toyota Motor Corp,Consumer Discretionary,,,0.001514005,Between 0 and 10% Return,,64.3,54.2,0.233560091,49,71,6615,7203.T,8160,2nd Quartile,-0.008363914,0.030350147,Less than 5% Yield,Consumer Discretionary,Japan,Rest All
149,UBS Group AG,Financials,,,-0.059253559,Negative Return,,48.4,13.6,0.294770552,3,54,12.225,UBSG.S,15.82857,4th Quartile,-0.278827354,0.041496801,Less than 5% Yield,Financials,Switzerland,Rest All
150,Under Armour Inc,Consumer Discretionary,,,0.049621928,Between 0 and 10% Return,,33,98.2,0,74,34,22.21,UAA,21,1st Quartile,0.371834466,0,No Dividend,Consumer Discretionary,US,Rest All
151,UniCredit SpA,Financials,,,0.046685674,Between 0 and 10% Return,,37.1,11.8,0.296954375,2,39,11.748,CRDI.MI,15.23662,4th Quartile,-0.305579107,0.021540657,Less than 5% Yield,Financials,Italy,Rest All
152,Unilever PLC,Consumer Staples,,,0.001059073,Between 0 and 10% Return,,2.7,82,0.050130436,75,8,4253.5,ULVR.L,4466.72981,1st Quartile,0.160194538,0.032673182,Less than 5% Yield,Consumer Staples,United Kingdom,Equity Rank: Bottom 25%
153,Verizon Communications Inc,Telco,,,0.058556925,Between 0 and 10% Return,,6.3,91.4,0.017640007,97,11,58.39,VZ,59.42,1st Quartile,0.25835334,0.045867445,Less than 5% Yield,Telco,US,Equity Rank: Bottom 25%
154,Vinci SA,Industrials,,,0.071535022,Between 0 and 10% Return,,4.7,69.6,0.108737946,45,9,86.28,SGEF.PA,95.66191,2nd Quartile,0.08370499,0.030816288,Less than 5% Yield,Industrials,France,Equity Rank: Bottom 25%
155,Visa Inc,Technology,,,0.072803809,Between 0 and 10% Return,,2.7,91.1,0.037780329,89,8,155.46,V,161.33333,1st Quartile,0.256656334,0.007113994,Less than 5% Yield,Technology,US,Equity Rank: Bottom 25%
156,Vodafone Group PLC,Telco,,,0.016713881,Between 0 and 10% Return,,5.5,17.6,0.258817637,4,10,143.56,VOD.L,180.71586,4th Quartile,-0.232227059,0.063036037,Greater than 5% Yield,Telco,United Kingdom,Equity Rank: Bottom 25%
157,Volkswagen AG,Consumer Discretionary,,,-0.000554017,Negative Return,,93.4,41.6,0.346639967,48,96,144.32,VOWG_p.DE,194.34708,3rd Quartile,-0.089385238,0.020633227,Less than 5% Yield,Consumer Discretionary,Germany,Equity Rank: Top 25%
158,Walmart Inc,Consumer Staples,,,-0.010390247,Negative Return,,34.3,77,0.108224243,91,35,98.42,WMT,109.07143,1st Quartile,0.129355129,0.025799186,Less than 5% Yield,Consumer Staples,US,Rest All
159,Walt Disney Co,Consumer Discretionary,,,0.021049827,Between 0 and 10% Return,,41.6,79,0.099947808,96,45,114.96,DIS,126.45,1st Quartile,0.135338505,0.013631915,Less than 5% Yield,Consumer Discretionary,US,Rest All
160,Wells Fargo & Co,Financials,,,0.0292564,Between 0 and 10% Return,,24.7,45.9,0.125148046,43,27,50.66,WFC,57,3rd Quartile,-0.064190634,0.028852715,Less than 5% Yield,Financials,US,Equity Rank: Bottom 25%
161,Westpac Banking Corp,Financials,,,0.009146341,Between 0 and 10% Return,,78,49.2,0.049270015,38,82,26.48,WBC.AX,27.78467,3rd Quartile,-0.040833088,0.085106279,Greater than 5% Yield,Financials,Australia,Equity Rank: Top 25%
162,Yum! Brands Inc,Consumer Discretionary,,,0.072035699,Between 0 and 10% Return,,2.7,88.6,0,96,8,100.9,YUM,97.64706,1st Quartile,0.229355879,0.019775176,Less than 5% Yield,Consumer Discretionary,US,Equity Rank: Bottom 25%
163,Xiaomi Corp,Technology,,,0.005208333,Between 0 and 10% Return,,72.7,11.3,0.220956822,NULL,77,11.58,1810.HK,14.13868,4th Quartile,-0.310714286,0,No Dividend,Technology,China,Rest All
164,Ping An Healthcare and Technology Co Ltd,Health Care,,,0.159685864,Return Greater than 10%,,97.4,23.9,0.264362077,38,99,44.3,1833.HK,56.01124,4th Quartile,-0.191605839,0,No Dividend,Health Care,China,Equity Rank: Top 25%
165,Meituan Dianping,Consumer Discretionary,,,-0.07619863,Negative Return,,97.9,14.8,0.215023911,NULL,100,53.95,3690.HK,65.55054,4th Quartile,-0.257398486,0,No Dividend,Consumer Discretionary,China,Equity Rank: Top 25%
166,Haidilao International Holding Ltd,Consumer Discretionary,,,0.115890688,Return Greater than 10%,,58.8,89.1,0.002102041,NULL,65,22.05,6862.HK,22.09635,1st Quartile,0.237373737,0,No Dividend,Consumer Discretionary,China,Rest All
167,Greentown Service Group Co Ltd,Industrials,,,-0.028571429,Negative Return,,70.4,67.6,0.145980882,42,75,6.8,2869.HK,7.79267,2nd Quartile,0.068700526,0.008957306,Less than 5% Yield,Industrials,China,Rest All
168,China Resources Pharmaceutical Group Ltd,Health Care,,,-0.021428571,Negative Return,,17.1,62.8,0.231855839,70,22,10.96,3320.HK,13.50114,2nd Quartile,0.050134465,0.009563936,Less than 5% Yield,Health Care,Hong Kong,Equity Rank: Bottom 25%
169,CIFI Holdings (Group) Co Ltd,Real Estate,,,0.087475149,Between 0 and 10% Return,,51,17.4,0.216641682,28,57,5.47,0884.HK,6.65503,4th Quartile,-0.237527412,0.05753777,Greater than 5% Yield,Real Estate,China,Rest All
170,Powerlong Real Estate Holdings Ltd,Real Estate,,,-4.4E-16,Negative Return,,33,45.7,0.242627346,28,34,3.73,1238.HK,4.635,3rd Quartile,-0.064756457,0.041232431,Less than 5% Yield,Real Estate,China,Rest All
171,Great Eagle Holdings Ltd,Real Estate,,,0.056010929,Between 0 and 10% Return,,46.4,46.9,0,32,52,38.65,0041.HK,35.575,3rd Quartile,-0.059653276,0.023371135,Less than 5% Yield,Real Estate,Hong Kong,Rest All
172,Kaisa Group Holdings Ltd,Real Estate,,,0.30418251,Return Greater than 10%,,27,20.7,#VALUE!,19,29,3.43,1638.HK,NULL,4th Quartile,-0.223055968,0.078012451,Greater than 5% Yield,Real Estate,China,Rest All
173,Sunac China Holdings Ltd,Real Estate,,,0.129746835,Return Greater than 10%,,62.6,81.3,0.022488235,56,69,35.7,1918.HK,36.50283,1st Quartile,0.151121367,0.032032153,Less than 5% Yield,Real Estate,China,Rest All
174,Shenzhou International Group Holdings Ltd,Consumer Discretionary,,,0.105013193,Return Greater than 10%,,9,96.2,0.049294938,76,14,104.7,2313.HK,109.86118,1st Quartile,0.329348803,0.017290777,Less than 5% Yield,Consumer Discretionary,China,Equity Rank: Bottom 25%
175,Aluminum Corp of China Ltd,Materials,,,0.055944056,Between 0 and 10% Return,,86.3,7.5,0.170529801,12,90,3.02,2600.HK,3.535,4th Quartile,-0.343478261,0,No Dividend,Materials,China,Equity Rank: Top 25%
176,AAC Technologies Holdings Inc,Technology,,,-0.166666667,Negative Return,,86.3,0,0.282216044,1,90,45.5,2018.HK,58.34083,4th Quartile,-0.699857221,0.020623996,Less than 5% Yield,Technology,China,Equity Rank: Top 25%
177,Agile Group Holdings Ltd,Real Estate,,,0.130952381,Return Greater than 10%,,27,25.7,0.031913158,26,29,11.4,3383.HK,11.76381,3rd Quartile,-0.180166201,0.065906952,Greater than 5% Yield,Real Estate,Hong Kong,Rest All
178,AIA Group Ltd,Financials,,,0.049465241,Between 0 and 10% Return,,20.4,84.5,0.097994268,62,24,78.5,1299.HK,86.19255,1st Quartile,0.186961927,0.013297349,Less than 5% Yield,Financials,Hong Kong,Equity Rank: Bottom 25%
179,Air China Ltd,Industrials,,,0.057766367,Between 0 and 10% Return,,45.2,13.1,0.028815534,41,50,8.24,0753.HK,8.47744,4th Quartile,-0.28720623,0.010684876,Less than 5% Yield,Industrials,China,Rest All
180,Alibaba Group Holding Ltd,Technology,,,0.089196509,Between 0 and 10% Return,,53.2,40.1,0.13630121,22,59,180.97,BABA.K,205.63643,3rd Quartile,-0.096415019,0,No Dividend,Technology,China,Rest All
181,Angang Steel Co Ltd,Materials,,,0.021922428,Between 0 and 10% Return,,66.4,22.4,0.183646865,12,73,6.06,0347.HK,7.1729,4th Quartile,-0.209715152,0.010356057,Less than 5% Yield,Materials,China,Rest All
182,Anhui Conch Cement Co Ltd,Materials,,,0.066037736,Between 0 and 10% Return,,66.4,62.3,0.06287677,42,73,45.2,0914.HK,48.04203,2nd Quartile,0.049148037,0.025704363,Less than 5% Yield,Materials,China,Rest All
183,ASM Pacific Technology Ltd,Technology,,,-0.047645429,Negative Return,,86.3,16.6,0.013462944,7,90,85.95,0522.HK,87.10714,4th Quartile,-0.249618003,0.023384955,Less than 5% Yield,Technology,Hong Kong,Equity Rank: Top 25%
184,Baidu Inc,Technology,,,0.002469717,Between 0 and 10% Return,,33,6.8,0.276257977,5,34,170.48,BIDU.O,217.57646,4th Quartile,-0.350280117,0,No Dividend,Technology,China,Rest All
185,Bank of China Ltd,Financials,,,0.045454545,Between 0 and 10% Return,,62.1,37.3,0.171913043,19,68,3.68,3988.HK,4.31264,3rd Quartile,-0.115554818,0.050765997,Greater than 5% Yield,Financials,China,Rest All
186,BOC Hong Kong Holdings Ltd,Financials,,,0.058631922,Between 0 and 10% Return,,58.8,30.3,0.209356,14,65,32.5,2388.HK,39.30407,3rd Quartile,-0.151776811,0.040106201,Less than 5% Yield,Financials,Hong Kong,Rest All
187,Byd Co Ltd,Consumer Discretionary,,,-0.057526366,Negative Return,,70.9,8,0.080594507,66,76,49.15,1211.HK,53.11122,4th Quartile,-0.336154548,0.003453462,Less than 5% Yield,Consumer Discretionary,China,Rest All
188,Capitaland Ltd,Real Estate,,,0.023809524,Between 0 and 10% Return,,46.9,50.2,0.163517442,50,53,3.44,CATL.SI,4.0025,2nd Quartile,-0.029293201,0.028940125,Less than 5% Yield,Real Estate,Singapore,Rest All
189,CapitaLand Commercial Trust,Real Estate,,,0.058823529,Between 0 and 10% Return,,7,80.8,0,84,12,1.98,CACT.SI,1.94046,1st Quartile,0.14789251,0.052816883,Greater than 5% Yield,Real Estate,Singapore,Equity Rank: Bottom 25%
190,China Communications Construction Co Ltd,Industrials,,,0.021871203,Between 0 and 10% Return,,70.9,60.8,0.164380499,62,76,8.41,1800.HK,9.79244,2nd Quartile,0.041166604,0.018918323,Less than 5% Yield,Industrials,China,Rest All
191,China Construction Bank Corp,Financials,,,0.00286533,Between 0 and 10% Return,,64.3,34.3,0.262038571,26,71,7,0939.HK,8.83427,3rd Quartile,-0.135513077,0.045943035,Less than 5% Yield,Financials,China,Rest All
192,China Huarong Asset Management Co Ltd,Financials,,,0.08125,Between 0 and 10% Return,,90.4,1.2,0.088653179,4,94,1.73,2799.HK,1.88337,4th Quartile,-0.506521247,0.083051567,Greater than 5% Yield,Financials,China,Equity Rank: Top 25%
193,China Life Insurance Co Ltd,Financials,,,0.12407211,Return Greater than 10%,,77.5,46.7,0.096271226,28,81,21.2,2628.HK,23.24095,3rd Quartile,-0.060119033,0.014665309,Less than 5% Yield,Financials,China,Equity Rank: Top 25%
194,China Mengniu Dairy Co Ltd,Consumer Staples,,,-0.011904762,Negative Return,,54.2,55.3,0.156773896,53,60,24.9,2319.HK,28.80367,2nd Quartile,-0.000539366,0.008400407,Less than 5% Yield,Consumer Staples,Hong Kong,Rest All
195,China Minsheng Banking Corp Ltd,Financials,,,0.029059829,Between 0 and 10% Return,,70.4,42.9,0.00619103,55,75,6.02,1988.HK,6.05727,3rd Quartile,-0.083829766,0.026448061,Less than 5% Yield,Financials,China,Rest All
196,China Mobile Ltd,Telco,,,0.03057554,Between 0 and 10% Return,,0.7,89.6,0.031114834,98,4,85.95,0941.HK,88.62432,1st Quartile,0.244878791,0.035546473,Less than 5% Yield,Telco,China,Equity Rank: Bottom 25%
197,China Molybdenum Co Ltd,Materials,,,0.018292683,Between 0 and 10% Return,,93.4,2.5,0.089221557,13,96,3.34,3993.HK,3.638,4th Quartile,-0.485869364,0.011519752,Less than 5% Yield,Materials,China,Equity Rank: Top 25%
198,China Overseas Land & Investment Ltd,Real Estate,,,-0.037225042,Negative Return,,72.7,61.8,0.171613357,79,77,28.45,0688.HK,33.3324,2nd Quartile,0.047429326,0.027076998,Less than 5% Yield,Real Estate,Hong Kong,Rest All
199,China Pacific Insurance Group Co Ltd,Financials,,,0.051601423,Between 0 and 10% Return,,58.8,17.1,0.264127919,38,65,29.55,2601.HK,37.35498,4th Quartile,-0.247510181,0.022439811,Less than 5% Yield,Financials,China,Rest All
200,China Railway Construction Corp Ltd,Industrials,,,0.018450185,Between 0 and 10% Return,,86.3,97.9,0.129555254,97,90,11.04,1186.HK,12.47029,1st Quartile,0.371171171,0.01482112,Less than 5% Yield,Industrials,China,Equity Rank: Top 25%
201,China Railway Group Ltd,Industrials,,,-0.014511873,Negative Return,,74.7,98.4,0.110919679,99,79,7.47,0390.HK,8.29857,1st Quartile,0.382868694,0.011656433,Less than 5% Yield,Industrials,China,Rest All
202,China Resources Land Ltd,Real Estate,,,0.045226131,Between 0 and 10% Return,,42.6,75.5,0.130166026,78,47,31.2,1109.HK,35.26118,1st Quartile,0.123675361,0.028431179,Less than 5% Yield,Real Estate,Hong Kong,Rest All
203,China Taiping Insurance Holdings Co Ltd,Financials,,,0.028508772,Between 0 and 10% Return,,88.1,20.2,0.320092964,55,91,23.45,0966.HK,30.95618,4th Quartile,-0.225476337,0.001550949,Less than 5% Yield,Financials,Hong Kong,Equity Rank: Top 25%
204,China Telecom Corp Ltd,Telco,,,-0.042505593,Negative Return,,27,94.6,0.048675234,99,29,4.28,0728.HK,4.48833,1st Quartile,0.287020663,0.025498879,Less than 5% Yield,Telco,China,Rest All
205,China Vanke Co Ltd,Real Estate,,,0.004991681,Between 0 and 10% Return,,84,41.4,0.109823179,63,87,30.2,2202.HK,33.51666,3rd Quartile,-0.089927359,0.031980344,Less than 5% Yield,Real Estate,China,Equity Rank: Top 25%
206,CITIC Ltd,Industrials,,,-0.003384095,Negative Return,,77.5,69.4,0.033531409,92,81,11.78,0267.HK,12.175,2nd Quartile,0.082323047,0.025956181,Less than 5% Yield,Industrials,Hong Kong,Equity Rank: Top 25%
207,CITIC Securities Co Ltd,Financials,,,0.052009456,Between 0 and 10% Return,,93.4,54.7,0,49,96,17.8,6030.HK,17.37399,2nd Quartile,-0.005895433,0.019583858,Less than 5% Yield,Financials,China,Equity Rank: Top 25%
208,City Developments Ltd,Real Estate,,,-0.056323061,Negative Return,,17.1,9.3,0.232304054,3,22,8.88,CTDM.SI,10.94286,4th Quartile,-0.323560389,0.011158165,Less than 5% Yield,Real Estate,Singapore,Equity Rank: Bottom 25%
209,CK Asset Holdings Ltd,Real Estate,,,0.004583652,Between 0 and 10% Return,,7,49.7,0.162107529,53,12,65.75,1113.HK,76.40857,3rd Quartile,-0.034916454,0.026811152,Less than 5% Yield,Real Estate,Hong Kong,Equity Rank: Bottom 25%
210,CK Hutchison Holdings Ltd,Industrials,,,-0.001234568,Negative Return,,76,28.7,0.364616811,34,80,80.9,0001.HK,110.3975,3rd Quartile,-0.154966427,0.030473384,Less than 5% Yield,Industrials,Hong Kong,Equity Rank: Top 25%
211,CK Infrastructure Holdings Ltd,Utilities,,,0.025862069,Between 0 and 10% Return,,18.9,57.3,0.130304966,78,23,65.45,1038.HK,73.97846,2nd Quartile,0.017553288,0.033931246,Less than 5% Yield,Utilities,Hong Kong,Equity Rank: Bottom 25%
212,CNOOC Ltd,Energy,,,0.052005944,Between 0 and 10% Return,,14.1,95.9,0.106323446,80,18,14.16,0883.HK,15.66554,1st Quartile,0.318958814,0.046818517,Less than 5% Yield,Energy,China,Equity Rank: Bottom 25%
213,CRRC Corp Ltd,Industrials,,,-0.011166253,Negative Return,,73.4,81,0.083365119,91,78,7.97,1766.HK,8.63442,1st Quartile,0.150554158,0.0143202,Less than 5% Yield,Industrials,China,Rest All
214,CSPC Pharmaceutical Group Ltd,Health Care,,,-0.049435028,Negative Return,,80.3,9,0.446118871,17,84,13.46,1093.HK,19.46476,4th Quartile,-0.324542852,0.011709975,Less than 5% Yield,Health Care,China,Equity Rank: Top 25%
215,Ctrip.Com International Ltd,Consumer Discretionary,,,0.25060024,Return Greater than 10%,,22.9,29.5,0,26,26,41.67,CTRP.O,41.09969,3rd Quartile,-0.15425208,0,No Dividend,Consumer Discretionary,China,Equity Rank: Bottom 25%
216,Dah Sing Financial Holdings Ltd,Financials,,,-0.038416764,Negative Return,,95.7,29.2,0.473365617,24,97,41.3,0440.HK,60.85,3rd Quartile,-0.154520497,0.027129178,Less than 5% Yield,Financials,Hong Kong,Equity Rank: Top 25%
217,DBS Group Holdings Ltd,Financials,,,0.014118596,Between 0 and 10% Return,,58.8,47.4,0.16098926,24,65,25.14,DBSM.SI,29.18727,3rd Quartile,-0.0554664,0.034833079,Less than 5% Yield,Financials,Singapore,Rest All
218,Dongfeng Motor Group Co Ltd,Consumer Discretionary,,,-0.02195122,Negative Return,,93.4,33,0.128382793,57,96,8.02,0489.HK,9.04963,3rd Quartile,-0.140374713,0.029930802,Less than 5% Yield,Consumer Discretionary,China,Equity Rank: Top 25%
219,Founder Securities Co Ltd,Financials,,,0.153364632,Return Greater than 10%,,90.4,81.5,0,63,94,7.37,601901.SS,6.09,1st Quartile,0.153367457,0.002780842,Less than 5% Yield,Financials,China,Equity Rank: Top 25%
220,Galaxy Entertainment Group Ltd,Consumer Discretionary,,,-0.024884793,Negative Return,,83,20.4,0.205187713,12,86,52.9,0027.HK,63.75443,4th Quartile,-0.223416736,0,No Dividend,Consumer Discretionary,Hong Kong,Equity Rank: Top 25%
221,Geely Automobile Holdings Ltd,Consumer Discretionary,,,-0.012857143,Negative Return,,91.6,2.7,0.265472504,18,95,13.82,0175.HK,17.48883,4th Quartile,-0.471084233,0.010529623,Less than 5% Yield,Consumer Discretionary,Hong Kong,Equity Rank: Top 25%
222,Genting Singapore Ltd,Consumer Discretionary,,,-0.064814815,Negative Return,,53.2,44.1,0.325366337,33,59,1.01,GENS.SI,1.33862,3rd Quartile,-0.07805157,0.019570861,Less than 5% Yield,Consumer Discretionary,Singapore,Rest All
223,Great Wall Motor Co Ltd,Consumer Discretionary,,,-0.05862069,Negative Return,,95.7,5,0.013474359,23,97,5.46,2333.HK,5.53357,4th Quartile,-0.368722853,0.025765383,Less than 5% Yield,Consumer Discretionary,China,Equity Rank: Top 25%
224,Greentown China Holdings Ltd,Real Estate,,,-0.072164948,Negative Return,,70.9,1.7,0.135238095,9,76,6.3,3900.HK,7.152,4th Quartile,-0.502029863,0.023665784,Less than 5% Yield,Real Estate,China,Rest All
225,Haitong Securities Co Ltd,Financials,,,0.12568306,Return Greater than 10%,,78.2,50.5,0.023870874,61,83,10.3,6837.HK,10.54587,2nd Quartile,-0.02803673,0.018726694,Less than 5% Yield,Financials,China,Equity Rank: Top 25%
226,Hang Seng Bank Ltd,Financials,,,0.062243432,Between 0 and 10% Return,,39.6,65.4,0,49,42,190.5,0011.HK,185.10809,2nd Quartile,0.057984699,0.038785174,Less than 5% Yield,Financials,Hong Kong,Rest All
227,Hangzhou Hikvision Digital Technology Co Ltd,Technology,,,0.08801214,Between 0 and 10% Return,,68.1,35.3,0.105206974,15,74,35.85,002415.SZ,39.62167,3rd Quartile,-0.129114338,0.013489004,Less than 5% Yield,Technology,China,Rest All
228,Henderson Land Development Co Ltd,Real Estate,,,-0.009922822,Negative Return,,46.9,51.2,0.081912472,47,53,44.9,0012.HK,48.57787,2nd Quartile,-0.023787552,0.027980749,Less than 5% Yield,Real Estate,Hong Kong,Rest All
229,Hengan International Group Company Ltd,Consumer Staples,,,0.011755486,Between 0 and 10% Return,,17.1,36.3,0.114607591,34,22,64.55,1044.HK,71.94792,3rd Quartile,-0.120868453,0.030678279,Less than 5% Yield,Consumer Staples,China,Equity Rank: Bottom 25%
230,Hong Kong Exchanges and Clearing Ltd,Financials,,,0.077739432,Between 0 and 10% Return,,45.2,56.8,0.081914811,61,50,274.8,0388.HK,297.31019,2nd Quartile,0.012758929,0.023853062,Less than 5% Yield,Financials,Hong Kong,Rest All
231,HKT Trust and HKT Ltd,Telco,,,0.016778523,Between 0 and 10% Return,,55.5,94.9,0.060231023,100,62,12.12,6823.HK,12.85,1st Quartile,0.298232912,0.054803684,Greater than 5% Yield,Telco,Hong Kong,Rest All
232,Hongkong Land Holdings Ltd,Real Estate,,,0.067540877,Between 0 and 10% Return,,6.3,80,0.082589502,48,11,7.43,HKLD.SI,8.04364,1st Quartile,0.140501487,0.027409418,Less than 5% Yield,Real Estate,Bermuda,Equity Rank: Bottom 25%
233,Hopson Development Holdings Ltd,Real Estate,,,0.035714286,Between 0 and 10% Return,,65.4,31.5,0,44,72,7.25,0754.HK,5.14,3rd Quartile,-0.1473933,0.012308729,Less than 5% Yield,Real Estate,Hong Kong,Rest All
234,HSBC Holdings PLC,Financials,,,-0.01046101,Negative Return,,37.8,38.1,0.080917656,4,40,64.85,0005.HK,70.09751,3rd Quartile,-0.106591173,0.060933377,Greater than 5% Yield,Financials,United Kingdom,Rest All
235,Huatai Securities Co Ltd,Financials,,,0.049333333,Between 0 and 10% Return,,74.7,56.5,0.054743964,68,79,15.74,6886.HK,16.60167,2nd Quartile,0.010478092,0.01989056,Less than 5% Yield,Financials,China,Rest All
236,Industrial and Commercial Bank of China Ltd,Financials,,,0.001677852,Between 0 and 10% Return,,58.3,40.9,0.206943049,36,64,5.97,1398.HK,7.20545,3rd Quartile,-0.092053634,0.05189985,Greater than 5% Yield,Financials,China,Rest All
237,Inner Mongolia Yili Industrial Group Co Ltd,Consumer Staples,,,0.046026751,Between 0 and 10% Return,,85.1,35.8,0.089883415,33,89,26.59,600887.SS,28.98,3rd Quartile,-0.121427344,0.022892859,Less than 5% Yield,Consumer Staples,China,Equity Rank: Top 25%
238,Jardine Matheson Holdings Ltd,Industrials,,,-0.074409053,Negative Return,,78.2,68.6,0.054017812,80,83,64,JARD.SI,67.45714,2nd Quartile,0.07604683,0.024748163,Less than 5% Yield,Industrials,Hong Kong,Equity Rank: Top 25%
239,JD.com Inc,Consumer Discretionary,,,0.165692821,Return Greater than 10%,,57,4.2,0.061643394,4,63,27.93,JD.O,29.6517,4th Quartile,-0.37891928,0,No Dividend,Consumer Discretionary,China,Rest All
240,Jiangsu Hengrui Medicine Co Ltd,Health Care,,,0.112459169,Return Greater than 10%,,55.5,79.2,0.056435682,39,62,71.52,600276.SS,75.55628,1st Quartile,0.136068285,0.001752908,Less than 5% Yield,Health Care,China,Rest All
241,Jiangxi Copper Co Ltd,Materials,,,0.033009709,Between 0 and 10% Return,,58.8,44.4,0.023527256,47,65,10.64,0358.HK,10.89033,3rd Quartile,-0.076842197,0.016067375,Less than 5% Yield,Materials,China,Rest All
242,Keppel Corporation Ltd,Industrials,,,0.008223684,Between 0 and 10% Return,,62.6,26.7,0.295880914,19,69,6.13,KPLM.SI,7.94375,3rd Quartile,-0.174657164,0.045018339,Less than 5% Yield,Industrials,Singapore,Rest All
243,Kweichow Moutai Co Ltd,Consumer Staples,,,0.072463368,Between 0 and 10% Return,,20.4,67.1,0.023866011,50,24,777.3,600519.SS,795.85105,2nd Quartile,0.065561215,0.018365932,Less than 5% Yield,Consumer Staples,China,Equity Rank: Bottom 25%
244,Lenovo Group Ltd,Technology,,,0.190226876,Return Greater than 10%,,88.1,99.7,0.029762463,98,91,6.82,0992.HK,7.02298,1st Quartile,0.759136046,0.043717934,Less than 5% Yield,Technology,China,Equity Rank: Top 25%
245,Midea Group Co Ltd,Consumer Discretionary,,,0.016542948,Between 0 and 10% Return,,76,26.2,0.039738577,NULL,80,47.93,000333.SZ,49.83467,3rd Quartile,-0.178161204,0.027987601,Less than 5% Yield,Consumer Discretionary,China,Equity Rank: Top 25%
246,New China Life Insurance Co Ltd,Financials,,,0.092460882,Between 0 and 10% Return,,84.3,31,0.16344974,67,88,38.4,1336.HK,44.67647,3rd Quartile,-0.1484333,0.006302429,Less than 5% Yield,Financials,China,Equity Rank: Top 25%
247,New Oriental Education & Technology Group Inc,Consumer Discretionary,,,-0.005675222,Negative Return,,91.6,31.3,0.079447918,12,95,77.09,EDU,83.21464,3rd Quartile,-0.148176796,0,No Dividend,Consumer Discretionary,China,Equity Rank: Top 25%
248,New World Development Co Ltd,Real Estate,,,0.011111111,Between 0 and 10% Return,,24.7,72.7,0.119791994,72,27,12.74,0017.HK,14.26615,2nd Quartile,0.10772127,0.046168762,Less than 5% Yield,Real Estate,Hong Kong,Equity Rank: Bottom 25%
249,Nexteer Automotive Group Ltd,Consumer Discretionary,,,-0.164612676,Negative Return,,97.9,15.4,0.343055848,58,100,9.49,1316.HK,12.7456,4th Quartile,-0.253432425,0.013432062,Less than 5% Yield,Consumer Discretionary,US,Equity Rank: Top 25%
250,NWS Holdings Ltd,Industrials,,,-0.145641026,Negative Return,,96.7,76.5,0.12545018,94,98,16.66,0659.HK,18.75,1st Quartile,0.12812813,0.047066222,Less than 5% Yield,Industrials,Hong Kong,Equity Rank: Top 25%
251,Oversea-Chinese Banking Corporation Ltd,Financials,,,-0.033854167,Negative Return,,65.4,34,0.173539982,36,72,11.13,OCBC.SI,13.0615,3rd Quartile,-0.135988226,0.035702422,Less than 5% Yield,Financials,Singapore,Rest All
252,People's Insurance Company Group of China Ltd,Financials,,,0.048632219,Between 0 and 10% Return,,91.6,25,0.10697971,49,95,3.45,1339.HK,3.81908,4th Quartile,-0.188652969,0,No Dividend,Financials,China,Equity Rank: Top 25%
253,PetroChina Co Ltd,Energy,,,0.011904762,Between 0 and 10% Return,,46.9,52.7,0.290166667,55,53,5.1,0857.HK,6.57985,2nd Quartile,-0.013345962,0.01914949,Less than 5% Yield,Energy,China,Rest All
254,PICC Property and Casualty Co Ltd,Financials,,,0.080625752,Between 0 and 10% Return,,66.4,29,0.083564588,48,73,8.98,2328.HK,9.73041,3rd Quartile,-0.154668022,0.027511723,Less than 5% Yield,Financials,China,Rest All
255,Ping An Insurance Group Co of China Ltd,Financials,,,0.128926702,Return Greater than 10%,,8.3,53.5,0.162854957,70,13,86.25,2318.HK,100.29624,2nd Quartile,-0.01074462,0.016551118,Less than 5% Yield,Financials,China,Equity Rank: Bottom 25%
256,Postal Savings Bank of China Co Ltd,Financials,,,0.027837259,Between 0 and 10% Return,,46.9,54.5,0.0867125,27,53,4.8,1658.HK,5.21622,2nd Quartile,-0.008316033,0.026495734,Less than 5% Yield,Financials,China,Rest All
257,Qingdao Haier Co Ltd,Consumer Discretionary,,,0.068441065,Between 0 and 10% Return,,83,28.2,0.088544484,35,86,16.86,600690.SS,18.35286,3rd Quartile,-0.156718865,0.021392576,Less than 5% Yield,Consumer Discretionary,China,Equity Rank: Top 25%
258,Sands China Ltd,Consumer Discretionary,,,0.024064171,Between 0 and 10% Return,,84.3,39.3,0.123032115,20,88,38.3,1928.HK,43.01213,3rd Quartile,-0.098676665,0.052924006,Greater than 5% Yield,Consumer Discretionary,Macau,Equity Rank: Top 25%
259,Sembcorp Marine Ltd,Industrials,,,0.0125,Between 0 and 10% Return,,90.4,21.7,0.215320988,26,94,1.62,SCMN.SI,1.96882,4th Quartile,-0.213881848,0.027009307,Less than 5% Yield,Industrials,Singapore,Equity Rank: Top 25%
260,Singapore Exchange Ltd,Financials,,,-0.059050064,Negative Return,,97.9,58.5,0.051075034,78,100,7.33,SGXL.SI,7.70438,2nd Quartile,0.024591507,0.038678083,Less than 5% Yield,Financials,Singapore,Equity Rank: Top 25%
261,Shanghai International Airport Co Ltd,Industrials,,,0.111153846,Return Greater than 10%,,46.4,83.8,0.045973693,61,52,57.78,600009.SS,60.43636,1st Quartile,0.183018057,0.013755236,Less than 5% Yield,Industrials,China,Rest All
262,SINA Corp,Technology,,,-0.038245033,Negative Return,,91.6,1.5,0.390801687,3,95,58.09,SINA.O,80.79167,4th Quartile,-0.50265411,0,No Dividend,Technology,China,Equity Rank: Top 25%
263,Singapore Telecommunications Ltd,Telco,,,0.013377926,Between 0 and 10% Return,,20.4,43.1,0.171693069,41,24,3.03,STEL.SI,3.55023,3rd Quartile,-0.08206987,0.046917614,Less than 5% Yield,Telco,Singapore,Equity Rank: Bottom 25%
264,Sino Biopharmaceutical Ltd,Health Care,,,-0.033755274,Negative Return,,70.9,9.5,0.239393013,11,76,6.87,1177.HK,8.51463,4th Quartile,-0.320730766,0.00789506,Less than 5% Yield,Health Care,Hong Kong,Rest All
265,China Petroleum & Chemical Corp,Energy,,,0.006024096,Between 0 and 10% Return,,54.2,77.5,0.137703593,51,60,6.68,0386.HK,7.59986,1st Quartile,0.129852727,0.045597738,Less than 5% Yield,Energy,China,Rest All
266,SINOPHARM GROUP CO LTD,Health Care,,,-0.055248619,Negative Return,,68.1,48.9,0.200927485,77,74,34.2,1099.HK,41.07172,3rd Quartile,-0.041776981,0.014926195,Less than 5% Yield,Health Care,China,Rest All
267,Sun Hung Kai Properties Ltd,Real Estate,,,-0.025047461,Negative Return,,37.8,60.1,0.194936504,62,40,129.3,0016.HK,154.50529,2nd Quartile,0.039833214,0.033405172,Less than 5% Yield,Real Estate,Hong Kong,Rest All
268,Sunny Optical Technology Group Co Ltd,Technology,,,0.133176193,Return Greater than 10%,,73.4,8.8,0.044898388,8,78,96.15,2382.HK,100.46698,4th Quartile,-0.329790999,0.009046994,Less than 5% Yield,Technology,China,Rest All
269,TAL Education Group,Consumer Discretionary,,,0.044505832,Between 0 and 10% Return,,93.4,37.6,0.014007346,26,96,34.03,TAL,34.50667,3rd Quartile,-0.111951983,0.012081213,Less than 5% Yield,Consumer Discretionary,China,Equity Rank: Top 25%
270,Techtronic Industries Co Ltd,Consumer Discretionary,,,0.046391753,Between 0 and 10% Return,,80.3,76,0.214220099,70,84,50.75,0669.HK,61.62167,1st Quartile,0.125967485,0.013220771,Less than 5% Yield,Consumer Discretionary,Hong Kong,Equity Rank: Top 25%
271,Tencent Holdings Ltd,Technology,,,0.050321826,Between 0 and 10% Return,,31.5,19.4,0.101200195,22,33,359,0700.HK,395.33087,4th Quartile,-0.226636583,0.002281991,Less than 5% Yield,Technology,China,Rest All
272,Thai Beverage PCL,Consumer Staples,,,2.2E-16,Between 0 and 10% Return,,16.4,58,0.042404908,46,21,0.815,TBEV.SI,0.84956,2nd Quartile,0.022437701,0.030591746,Less than 5% Yield,Consumer Staples,Thailand,Equity Rank: Bottom 25%
273,United Overseas Bank Ltd,Financials,,,-0.017133956,Negative Return,,42.6,45.2,0.181080824,38,47,25.24,UOBH.SI,29.81048,3rd Quartile,-0.066629675,0.033737807,Less than 5% Yield,Financials,Singapore,Rest All
274,Want Want China Holdings Ltd,Consumer Staples,,,-0.037151703,Negative Return,,44.4,59.3,0.079692926,47,48,6.22,0151.HK,6.71569,2nd Quartile,0.031239289,0.023876774,Less than 5% Yield,Consumer Staples,China,Rest All
275,WH Group Ltd,Consumer Staples,,,0.069958848,Between 0 and 10% Return,,22.9,31.8,0.101591026,45,26,7.8,0288.HK,8.59241,3rd Quartile,-0.144307994,0.023312547,Less than 5% Yield,Consumer Staples,Hong Kong,Equity Rank: Bottom 25%
276,Wharf Holdings Ltd,Real Estate,,,-0.084507042,Negative Return,,97.9,32.8,0.25949978,31,100,22.75,0004.HK,28.65362,3rd Quartile,-0.140951136,0.042146582,Less than 5% Yield,Real Estate,Hong Kong,Equity Rank: Top 25%
277,Yanzhou Coal Mining Co Ltd,Energy,,,0.03480589,Between 0 and 10% Return,,86.3,20.9,0.288124191,21,90,7.73,1171.HK,9.9572,4th Quartile,-0.220057783,0.012052145,Less than 5% Yield,Energy,China,Equity Rank: Top 25%
278,Yum China Holdings Inc,Consumer Discretionary,,,0.052429368,Between 0 and 10% Return,,42.6,60.3,0.025888993,54,47,42.7,YUMC.K,43.80546,2nd Quartile,0.040149166,0.009789198,Less than 5% Yield,Consumer Discretionary,China,Rest All
279,Zhengzhou Yutong Bus Co Ltd,Industrials,,,0.071314103,Between 0 and 10% Return,,96.7,3.5,0.316379955,1,98,13.37,600066.SS,17.6,4th Quartile,-0.415384355,0.043566905,Less than 5% Yield,Industrials,China,Equity Rank: Top 25%
280,Zhuzhou CRRC Times Electric Co Ltd,Industrials,,,0.029345372,Between 0 and 10% Return,,9,77.2,0.061037061,86,14,45.6,3898.HK,48.38329,1st Quartile,0.129594508,0.012538753,Less than 5% Yield,Industrials,China,Equity Rank: Bottom 25%
281,Weibo Corp,Technology,,,-0.025980087,Negative Return,,90.4,1,0.14773311,3,94,62.61,WB.O,71.85957,4th Quartile,-0.529354281,0,No Dividend,Technology,China,Equity Rank: Top 25%
282,NetEase Inc,Technology,,,0.066990174,Between 0 and 10% Return,,8.3,15.6,0.169393522,53,13,242.35,NTES.O,283.40252,4th Quartile,-0.252690814,0.013387186,Less than 5% Yield,Technology,China,Equity Rank: Bottom 25%
283,Agricultural Bank of China Ltd,Financials,,,0.010840108,Between 0 and 10% Return,,81.3,28,0.212300268,24,85,3.73,1288.HK,4.52188,3rd Quartile,-0.161866652,0.053079973,Greater than 5% Yield,Financials,China,Equity Rank: Top 25%
284,ANTA Sports Products Ltd,Consumer Discretionary,,,0.219308701,Return Greater than 10%,,20.4,92.4,0,47,24,51.15,2020.HK,50.06365,1st Quartile,0.268939871,0.028096008,Less than 5% Yield,Consumer Discretionary,China,Equity Rank: Bottom 25%
285,Ascendas Real Estate Investment Trust,Real Estate,,,0.018115942,Between 0 and 10% Return,,14.3,75.2,0,82,19,2.81,AEMN.SI,2.76348,1st Quartile,0.121447077,0.057210118,Greater than 5% Yield,Real Estate,Singapore,Equity Rank: Bottom 25%
286,Ascott Residence Trust,Real Estate,,,0.026548673,Between 0 and 10% Return,,16.4,57.5,0.032568966,82,21,1.16,ASRT.SI,1.19778,2nd Quartile,0.018762047,0.055406916,Greater than 5% Yield,Real Estate,Singapore,Equity Rank: Bottom 25%
287,BAIC Motor Corp Ltd,Consumer Discretionary,,,-0.100775194,Negative Return,,91.6,0.7,0.354125,4,95,4.64,1958.HK,6.28314,4th Quartile,-0.565738187,0.036103825,Less than 5% Yield,Consumer Discretionary,China,Equity Rank: Top 25%
288,Bank of Communications Co Ltd,Financials,,,0.029185868,Between 0 and 10% Return,,81.3,78.5,0,85,85,6.7,3328.HK,6.46269,1st Quartile,0.133593353,0.046972137,Less than 5% Yield,Financials,China,Equity Rank: Top 25%
289,Bank of East Asia Ltd,Financials,,,-0.030721627,Negative Return,,78.2,25.5,0,10,83,25.85,0023.HK,25.55091,3rd Quartile,-0.180798484,0.03253285,Less than 5% Yield,Financials,Hong Kong,Equity Rank: Top 25%
290,Beijing Capital International Airport Co Ltd,Industrials,,,0.014765101,Between 0 and 10% Return,,73.4,12.1,0.020194444,34,78,7.56,0694.HK,7.71267,4th Quartile,-0.304118413,0.023864917,Less than 5% Yield,Industrials,China,Rest All
291,Beijing Enterprises Water Group Ltd,Utilities,,,0.012448133,Between 0 and 10% Return,,20.4,52,0.19760041,70,24,4.88,0371.HK,5.84429,2nd Quartile,-0.01747178,0.021150499,Less than 5% Yield,Utilities,Hong Kong,Equity Rank: Bottom 25%
292,Capitaland Mall Trust,Real Estate,,,-0.025104603,Negative Return,,68.1,82.8,0.011446352,97,74,2.33,CMLT.SI,2.35667,1st Quartile,0.165848231,0.053768499,Greater than 5% Yield,Real Estate,Singapore,Rest All
293,Cathay Pacific Airways Ltd,Industrials,,,0.097520661,Between 0 and 10% Return,,5.5,42.6,0.161659639,43,10,13.28,0293.HK,15.42684,3rd Quartile,-0.084155473,0.018605217,Less than 5% Yield,Industrials,Hong Kong,Equity Rank: Bottom 25%
294,CGN Power Co Ltd,Utilities,,,0.023696682,Between 0 and 10% Return,,1.5,68.9,0.048486111,52,5,2.16,1816.HK,2.26473,2nd Quartile,0.078189838,0.022220229,Less than 5% Yield,Utilities,China,Equity Rank: Bottom 25%
295,Champion Real Estate Investment Trust,Real Estate,,,0.104201681,Return Greater than 10%,,22.7,86.3,0,85,25,6.57,2778.HK,6.56429,1st Quartile,0.203925979,0.048944315,Less than 5% Yield,Real Estate,Hong Kong,Equity Rank: Bottom 25%
296,China Cinda Asset Management Co Ltd,Financials,,,0.037914692,Between 0 and 10% Return,,86.3,24.2,0.142123288,24,90,2.19,1359.HK,2.50125,4th Quartile,-0.191063591,0.041369154,Less than 5% Yield,Financials,China,Equity Rank: Top 25%
297,China Citic Bank Corp Ltd,Financials,,,0.071283096,Between 0 and 10% Return,,42.1,55.5,0.111093156,54,46,5.26,0998.HK,5.84435,2nd Quartile,0.004502101,0.027995879,Less than 5% Yield,Financials,China,Rest All
298,China Communications Services Corp Ltd,Telco,,,-0.089570552,Negative Return,,60.8,99.4,0,98,66,7.42,0552.HK,7.35833,1st Quartile,0.683421748,0.031889587,Less than 5% Yield,Telco,China,Rest All
299,China Everbright Bank Co Ltd,Financials,,,0.056756757,Between 0 and 10% Return,,68.1,65.6,0.018805627,73,74,3.91,6818.HK,3.98353,2nd Quartile,0.061214501,0.041596873,Less than 5% Yield,Financials,China,Rest All
300,China Everbright International Ltd,Industrials,,,-0.072274882,Negative Return,,65.4,10.6,0.216997446,25,72,7.83,0257.HK,9.52909,4th Quartile,-0.315787434,0.018395642,Less than 5% Yield,Industrials,Hong Kong,Rest All
301,China Evergrande Group,Real Estate,,,0.077083333,Between 0 and 10% Return,,55.5,63.3,0.157369052,67,62,25.85,3333.HK,29.91799,2nd Quartile,0.052525758,0.081428992,Greater than 5% Yield,Real Estate,China,Rest All
302,China Galaxy Securities Co Ltd,Financials,,,0.157427938,Return Greater than 10%,,88.6,51,0,56,92,5.22,6881.HK,4.66866,2nd Quartile,-0.026265178,0.014719991,Less than 5% Yield,Financials,China,Equity Rank: Top 25%
303,China High Speed Transmission Equipment Group Co Ltd,Industrials,,,-0.118421053,Negative Return,,81.3,5.3,0,10,85,6.7,0658.HK,6.07333,4th Quartile,-0.364296219,0.014252154,Less than 5% Yield,Industrials,Hong Kong,Equity Rank: Top 25%
304,China International Marine Containers Group Co Ltd,Industrials,,,0.047398844,Between 0 and 10% Return,,84.3,9.8,0.084988962,15,88,9.06,2039.HK,9.83,4th Quartile,-0.320058373,0.014486793,Less than 5% Yield,Industrials,China,Equity Rank: Top 25%
305,China Machinery Engineering Corp,Industrials,,,0.062034739,Between 0 and 10% Return,,26,51.5,0.25782243,55,28,4.28,1829.HK,5.38348,2nd Quartile,-0.021321706,0.045160403,Less than 5% Yield,Industrials,China,Rest All
306,China Merchants Bank Co Ltd,Financials,,,0.096676737,Between 0 and 10% Return,,58.3,74.4,0.010681543,80,64,36.3,3968.HK,36.68774,2nd Quartile,0.112632593,0.037570222,Less than 5% Yield,Financials,China,Rest All
307,China Merchants Port Holdings Co Ltd,Industrials,,,-0.030952381,Negative Return,,88.6,47.2,0.250363636,42,92,16.28,0144.HK,20.35592,3rd Quartile,-0.0576465,0.037398212,Less than 5% Yield,Industrials,Hong Kong,Equity Rank: Top 25%
308,China Power International Development Ltd,Utilities,,,-0.082524272,Negative Return,,93.4,51.7,0.196746032,55,96,1.89,2380.HK,2.26185,2nd Quartile,-0.02117949,0.064557664,Greater than 5% Yield,Utilities,Hong Kong,Equity Rank: Top 25%
309,China Resources Power Holdings Co Ltd,Utilities,,,-0.095415118,Negative Return,,45.2,74.2,0.224272603,78,50,14.6,0836.HK,17.87438,2nd Quartile,0.112588584,0.053595318,Greater than 5% Yield,Utilities,Hong Kong,Rest All
310,China Shenhua Energy Co Ltd,Energy,,,-0.019467213,Negative Return,,49.4,45.4,0.209332811,69,55,19.14,1088.HK,23.14663,3rd Quartile,-0.066181367,0.042169958,Less than 5% Yield,Energy,China,Rest All
311,China State Construction International Holdings Ltd,Industrials,,,0.069736842,Between 0 and 10% Return,,78.2,25.2,0.193521525,32,83,8.13,3311.HK,9.70333,3rd Quartile,-0.186859187,0.028333051,Less than 5% Yield,Industrials,Hong Kong,Equity Rank: Top 25%
312,China Unicom Hong Kong Ltd,Telco,,,0.060832444,Between 0 and 10% Return,,2.7,59.5,0.217392354,37,8,9.94,0762.HK,12.10088,2nd Quartile,0.032752905,0.015644,Less than 5% Yield,Telco,Hong Kong,Equity Rank: Bottom 25%
313,Chow Tai Fook Jewellery Group Ltd,Consumer Discretionary,,,0.108635097,Return Greater than 10%,,30.3,50,0,34,32,7.96,1929.HK,7.86059,3rd Quartile,-0.032476544,0.031605148,Less than 5% Yield,Consumer Discretionary,Hong Kong,Rest All
314,CLP Holdings Ltd,Utilities,,,-0.019717443,Negative Return,,55,84,0,91,61,91.15,0002.HK,88.1725,1st Quartile,0.185471188,0.037001358,Less than 5% Yield,Utilities,Hong Kong,Rest All
315,Comfortdelgro Corporation Ltd,Industrials,,,0.020833333,Between 0 and 10% Return,,40.6,92.6,0.053661224,73,43,2.45,CMDG.SI,2.58147,1st Quartile,0.26979516,0.037243174,Less than 5% Yield,Industrials,Singapore,Rest All
316,COSCO Shipping Energy Transportation Co Ltd,Industrials,,,-0.027027027,Negative Return,,95.7,58.3,0.184587963,85,97,4.32,1138.HK,5.11742,2nd Quartile,0.024407546,0.01165476,Less than 5% Yield,Industrials,China,Equity Rank: Top 25%
317,COSCO SHIPPING Ports Ltd,Industrials,,,-0.079196217,Negative Return,,89.6,71.2,0.235430039,93,93,7.79,1199.HK,9.624,2nd Quartile,0.093909202,0.034615663,Less than 5% Yield,Industrials,Hong Kong,Equity Rank: Top 25%
318,Country Garden Holdings Co Ltd,Real Estate,,,0.042435424,Between 0 and 10% Return,,31.5,15.1,0.168102655,20,33,11.3,2007.HK,13.19956,4th Quartile,-0.254170613,0.049486881,Less than 5% Yield,Real Estate,China,Rest All
319,Chongqing Rural Commercial Bank Co Ltd,Financials,,,0.102449889,Return Greater than 10%,,89.6,21.4,0,27,93,4.95,3618.HK,4.88322,4th Quartile,-0.21442428,0.05160741,Greater than 5% Yield,Financials,China,Equity Rank: Top 25%
320,Dali Foods Group Co Ltd,Consumer Staples,,,0.088560886,Between 0 and 10% Return,,30.3,23.4,0.253511864,45,32,5.9,3799.HK,7.39572,4th Quartile,-0.192058263,0.031867495,Less than 5% Yield,Consumer Staples,China,Rest All
321,Datang International Power Generation Co Ltd,Utilities,,,-0.02764977,Negative Return,,97.9,47.7,0.086601896,25,100,2.11,0991.HK,2.29273,3rd Quartile,-0.054258567,0.023461126,Less than 5% Yield,Utilities,China,Equity Rank: Top 25%
322,ENN Energy Holdings Ltd,Utilities,,,0.0625,Between 0 and 10% Return,,55.5,95.4,0.054109226,60,62,80.75,2688.HK,85.11932,1st Quartile,0.307865716,0.015905527,Less than 5% Yield,Utilities,China,Rest All
323,Far East Horizon Ltd,Financials,,,0.064393939,Between 0 and 10% Return,,88.6,66.9,0.165734282,75,92,8.43,3360.HK,9.82714,2nd Quartile,0.065083197,0.035159403,Less than 5% Yield,Financials,Hong Kong,Equity Rank: Top 25%
324,Fuyao Glass Industry Group Co Ltd,Consumer Discretionary,,,-0.038043478,Negative Return,,85.1,28.5,0.074827495,52,89,26.55,3606.HK,28.53667,3rd Quartile,-0.156584194,0.041752008,Less than 5% Yield,Consumer Discretionary,China,Equity Rank: Top 25%
325,GF Securities Co Ltd,Financials,,,0.04974271,Between 0 and 10% Return,,93.4,32.5,0.126445261,53,96,12.24,1776.HK,13.78769,3rd Quartile,-0.141133738,0.023177734,Less than 5% Yield,Financials,China,Equity Rank: Top 25%
326,Guangdong Investment Ltd,Utilities,,,0.00132626,Between 0 and 10% Return,,18.9,94.1,0.02414702,99,23,15.1,0270.HK,15.46462,1st Quartile,0.279737358,0.031830005,Less than 5% Yield,Utilities,Hong Kong,Equity Rank: Bottom 25%
327,Guangzhou Automobile Group Co Ltd,Consumer Discretionary,,,0.002162162,Between 0 and 10% Return,,91.6,19.6,0.163625674,63,95,9.27,2238.HK,10.78681,4th Quartile,-0.226249422,0.015976068,Less than 5% Yield,Consumer Discretionary,China,Equity Rank: Top 25%
328,Guangzhou R&F Properties Co Ltd,Real Estate,,,0.099601594,Between 0 and 10% Return,,6.3,39.6,0,35,11,16.56,2777.HK,15.89103,3rd Quartile,-0.098581366,0.07872843,Greater than 5% Yield,Real Estate,China,Equity Rank: Bottom 25%
329,Guotai Junan International Holdings Ltd,Financials,,,0.051282051,Between 0 and 10% Return,,81.3,10.8,0.50152439,10,85,1.64,1788.HK,2.4625,4th Quartile,-0.314483269,0.035056409,Less than 5% Yield,Financials,Hong Kong,Equity Rank: Top 25%
330,Hang Lung Group Ltd,Real Estate,,,0.014644351,Between 0 and 10% Return,,73.4,42.4,#VALUE!,45,78,24.25,0010.HK,NULL,3rd Quartile,-0.087198172,0.028390348,Less than 5% Yield,Real Estate,Hong Kong,Rest All
331,Hang Lung Properties Ltd,Real Estate,,,0.04730473,Between 0 and 10% Return,,40.6,66.1,0.04789916,52,43,19.04,0101.HK,19.952,2nd Quartile,0.061922684,0.040460396,Less than 5% Yield,Real Estate,Hong Kong,Rest All
332,HK Electric Investments Ltd,Utilities,,,-0.001240695,Negative Return,,62.1,75.7,0,87,68,8.05,2638.HK,6.86546,1st Quartile,0.125529674,0.058483799,Greater than 5% Yield,Utilities,Hong Kong,Rest All
333,Hong Kong and China Gas Co Ltd,Utilities,,,0.039863326,Between 0 and 10% Return,,9,93.4,0,90,14,18.26,0003.HK,14.27608,1st Quartile,0.277366259,0.021315234,Less than 5% Yield,Utilities,Hong Kong,Equity Rank: Bottom 25%
334,Huadian Power International Corp Ltd,Utilities,,,-0.041666667,Negative Return,,78.2,87.8,0.113623188,74,83,3.45,1071.HK,3.842,1st Quartile,0.223608099,0.039552561,Less than 5% Yield,Utilities,China,Equity Rank: Top 25%
335,Huaneng Power International Inc,Utilities,,,-0.05465587,Negative Return,,57,46.4,0.250672377,40,63,4.67,0902.HK,5.84064,3rd Quartile,-0.063125152,0.040680308,Less than 5% Yield,Utilities,China,Rest All
336,Hutchison Port Holdings Trust,Industrials,,,0.003216,Between 0 and 10% Return,,8.3,17.9,0.03,22,13,0.24,HPHT.SI,0.2472,4th Quartile,-0.231546758,0.087437186,Greater than 5% Yield,Industrials,Singapore,Equity Rank: Bottom 25%
337,Hysan Development Co Ltd,Real Estate,,,-0.002853785,Negative Return,,39.1,56.3,0.103794909,33,41,41.25,0014.HK,45.53154,2nd Quartile,0.00981003,0.035481173,Less than 5% Yield,Real Estate,Hong Kong,Rest All
338,Jardine Cycle & Carriage Ltd,Consumer Discretionary,,,-0.074792244,Negative Return,,70.9,53.7,0.292574251,74,76,33.4,JCYC.SI,43.17198,2nd Quartile,-0.010521124,0.029473226,Less than 5% Yield,Consumer Discretionary,Singapore,Rest All
339,Jiangsu Expressway Co Ltd,Industrials,,,-0.028571429,Negative Return,,48.4,49.4,0.073075368,83,54,10.88,0177.HK,11.67506,3rd Quartile,-0.037544767,0.048017953,Less than 5% Yield,Industrials,China,Rest All
340,Keppel DC REIT,Real Estate,,,0.006896552,Between 0 and 10% Return,,62.6,71.4,0.037191781,79,69,1.46,KEPE.SI,1.5143,2nd Quartile,0.097763672,0.048564469,Less than 5% Yield,Real Estate,Singapore,Rest All
341,Keppel REIT,Real Estate,,,0.008196721,Between 0 and 10% Return,,31.5,66.6,0,80,33,1.23,KASA.SI,1.20978,2nd Quartile,0.063318658,0.052665829,Greater than 5% Yield,Real Estate,Singapore,Rest All
342,Kingboard Holdings Ltd,Technology,,,-0.029462738,Negative Return,,34.3,11.1,0.428571429,36,35,28,0148.HK,40,4th Quartile,-0.313852964,0.037325768,Less than 5% Yield,Technology,Hong Kong,Rest All
343,Kingboard Laminates Holdings Ltd,Technology,,,0.013172338,Between 0 and 10% Return,,76,4,0.129469122,36,80,9.23,1888.HK,10.425,4th Quartile,-0.383795934,0.05374564,Greater than 5% Yield,Technology,Hong Kong,Equity Rank: Top 25%
344,KWG Group Holdings Ltd,Real Estate,,,0.085635359,Between 0 and 10% Return,,85.1,6.5,0.211348601,26,89,7.86,1813.HK,9.5212,4th Quartile,-0.353832856,0.069398507,Greater than 5% Yield,Real Estate,China,Equity Rank: Top 25%
345,Lee & Man Paper Manufacturing Ltd,Materials,,,-0.054929577,Negative Return,,97.9,22.7,0.202682563,44,100,6.71,2314.HK,8.07,4th Quartile,-0.207425739,0.036789437,Less than 5% Yield,Materials,Hong Kong,Equity Rank: Top 25%
346,LI & Fung Ltd,Consumer Discretionary,,,-0.04137931,Negative Return,,58.8,0.5,0.395683453,1,65,1.39,0494.HK,1.94,4th Quartile,-0.618068504,0.0566749,Greater than 5% Yield,Consumer Discretionary,Hong Kong,Rest All
347,Link Real Estate Investment Trust,Real Estate,,,2.2E-16,Between 0 and 10% Return,,86.3,95.2,0,96,90,86.65,0823.HK,83.46588,1st Quartile,0.307127268,0.037344387,Less than 5% Yield,Real Estate,Hong Kong,Equity Rank: Top 25%
348,M1 Ltd,Telco,,,0.009803922,Between 0 and 10% Return,,49.4,88.8,0,95,55,2.06,MONE.SI,1.974,1st Quartile,0.236781186,0.058533174,Greater than 5% Yield,Telco,Singapore,Rest All
349,Man Wah Holdings Ltd,Consumer Discretionary,,,0.131979695,Return Greater than 10%,,85.1,7.8,0.00896861,11,89,4.46,1999.HK,4.5,4th Quartile,-0.340443131,0.041395512,Less than 5% Yield,Consumer Discretionary,Hong Kong,Equity Rank: Top 25%
350,Mapletree Commercial Trust,Real Estate,,,0.005586592,Between 0 and 10% Return,,28.2,86.1,0,98,30,1.8,MACT.SI,1.77231,1st Quartile,0.203534538,0.055730186,Greater than 5% Yield,Real Estate,Singapore,Rest All
351,Mapletree Industrial Trust,Real Estate,,,0.018729578,Between 0 and 10% Return,,28.2,68.4,0,78,30,2.01,MAPI.SI,2.006,2nd Quartile,0.075701109,0.064621432,Greater than 5% Yield,Real Estate,Singapore,Rest All
352,Mapletree Logistics Trust,Real Estate,,,0.007194245,Between 0 and 10% Return,,51,85.1,0,95,57,1.4,MAPL.SI,1.38529,1st Quartile,0.19562935,0.063012846,Greater than 5% Yield,Real Estate,Singapore,Rest All
353,Mapletree North Asia Commercial Trust,Real Estate,,,0.024,Between 0 and 10% Return,,42.1,84.3,0.038085938,88,46,1.28,MAPE.SI,1.32875,1st Quartile,0.18593361,0.066321409,Greater than 5% Yield,Real Estate,Singapore,Rest All
354,Minth Group Ltd,Consumer Discretionary,,,-0.124590164,Negative Return,,97.9,5.8,0.259871161,30,100,26.7,0425.HK,33.63856,4th Quartile,-0.359089679,0.02638972,Less than 5% Yield,Consumer Discretionary,China,Equity Rank: Top 25%
355,MTR Corp Ltd,Industrials,,,0.086857143,Between 0 and 10% Return,,0,74.7,0,61,1,47.55,0066.HK,46.46,2nd Quartile,0.116066068,0.027219227,Less than 5% Yield,Industrials,Hong Kong,Equity Rank: Bottom 25%
356,NetLink NBN Trust,Telco,,,-0.01242236,Negative Return,,68.1,60.6,0.147899371,86,74,0.795,NETL.SI,0.91258,2nd Quartile,0.040537658,0.046480646,Less than 5% Yield,Telco,Singapore,Rest All
357,Parkway Life Real Estate Investment Trust,Real Estate,,,0.028571429,Between 0 and 10% Return,,28.2,64.3,0.064236111,75,30,2.88,PWLR.SI,3.065,2nd Quartile,0.056970589,0.046232625,Less than 5% Yield,Real Estate,Singapore,Rest All
358,PCCW Ltd,Telco,,,-0.006342495,Negative Return,,55.5,67.9,0.103723404,84,62,4.7,0008.HK,5.1875,2nd Quartile,0.072091836,0.054593972,Greater than 5% Yield,Telco,Hong Kong,Rest All
359,Power Assets Holdings Ltd,Utilities,,,0.03864279,Between 0 and 10% Return,,17.1,37.8,0.111055717,48,22,55.1,0006.HK,61.21917,3rd Quartile,-0.110978717,0.040076178,Less than 5% Yield,Utilities,Hong Kong,Equity Rank: Bottom 25%
360,SATS Ltd,Industrials,,,0.005928854,Between 0 and 10% Return,,46.2,55.8,0.075573674,52,51,5.09,SATS.SI,5.47467,2nd Quartile,0.006413733,0.036233224,Less than 5% Yield,Industrials,Singapore,Rest All
361,Sembcorp Industries Ltd,Industrials,,,-0.019455253,Negative Return,,83,27,0.282539683,50,86,2.52,SCIL.SI,3.232,3rd Quartile,-0.173242155,0.029647219,Less than 5% Yield,Industrials,Singapore,Equity Rank: Top 25%
362,Shanghai Industrial Holdings Ltd,Industrials,,,0.041420118,Between 0 and 10% Return,,58.8,33.8,0.382575568,29,65,17.6,0363.HK,24.33333,3rd Quartile,-0.136830907,0.041700004,Less than 5% Yield,Industrials,Hong Kong,Rest All
363,Shanghai Pharmaceuticals Holding Co Ltd,Health Care,,,-0.014689266,Negative Return,,68.1,34.8,0.339141628,24,74,17.44,2607.HK,23.35463,3rd Quartile,-0.135064993,0.01619046,Less than 5% Yield,Health Care,China,Rest All
364,Shenzhen International Holdings Ltd,Industrials,,,-0.01517067,Negative Return,,78.2,70.2,0.191351091,68,83,15.58,0152.HK,18.56125,2nd Quartile,0.087135686,0.031628401,Less than 5% Yield,Industrials,Hong Kong,Equity Rank: Top 25%
365,Shenzhen Investment Ltd,Real Estate,,,0.025089606,Between 0 and 10% Return,,81.3,38.8,0,37,85,2.86,0604.HK,2.71,3rd Quartile,-0.099403026,0.057954255,Greater than 5% Yield,Real Estate,Hong Kong,Equity Rank: Top 25%
366,Shimao Property Holdings Ltd,Real Estate,,,-0.040776699,Negative Return,,58.8,38.3,0.290930668,55,65,19.76,0813.HK,25.50879,3rd Quartile,-0.10534728,0.058568688,Greater than 5% Yield,Real Estate,Hong Kong,Rest All
367,SIA Engineering Company Ltd,Industrials,,,0.034482759,Between 0 and 10% Return,,41.6,18.1,0.1297625,14,45,2.4,SIAE.SI,2.71143,4th Quartile,-0.231277645,0.040414228,Less than 5% Yield,Industrials,Singapore,Rest All
368,Singapore Airlines Ltd,Industrials,,,0.004098361,Between 0 and 10% Return,,39.1,40.6,0.11377551,30,41,9.8,SIAL.SI,10.915,3rd Quartile,-0.092242383,0.028005983,Less than 5% Yield,Industrials,Singapore,Rest All
369,Singapore Post Ltd,Industrials,,,0.041884817,Between 0 and 10% Return,,70.9,15.9,0.10720603,5,76,0.995,SPOS.SI,1.10167,4th Quartile,-0.251905238,0.03414961,Less than 5% Yield,Industrials,Singapore,Rest All
370,Singapore Press Holdings Ltd,Consumer Discretionary,,,-0.004032258,Negative Return,,51,59,0.049931174,56,57,2.47,SPRM.SI,2.59333,2nd Quartile,0.029253955,0.037674265,Less than 5% Yield,Consumer Discretionary,Singapore,Rest All
371,Singapore Technologies Engineering Ltd,Industrials,,,0.018867925,Between 0 and 10% Return,,22.9,75,0.05368254,91,26,3.78,STEG.SI,3.98292,2nd Quartile,0.118333787,0.033159175,Less than 5% Yield,Industrials,Singapore,Equity Rank: Bottom 25%
372,Sino Land Co Ltd,Real Estate,,,-0.017894571,Negative Return,,63.8,68.1,0.12535014,85,70,14.28,0083.HK,16.07,2nd Quartile,0.07265573,0.040188931,Less than 5% Yield,Real Estate,Hong Kong,Rest All
373,Sino-Ocean Group Holding Ltd,Real Estate,,,-0.092643052,Negative Return,,97.4,3.2,0.383567568,14,99,3.33,3377.HK,4.60728,4th Quartile,-0.420436225,0.053785952,Greater than 5% Yield,Real Estate,China,Equity Rank: Top 25%
374,Sinopec Shanghai Petrochemical Co Ltd,Materials,,,0.033591731,Between 0 and 10% Return,,76,36.6,0,10,80,4,0338.HK,3.89988,3rd Quartile,-0.120389636,0.021214782,Less than 5% Yield,Materials,China,Equity Rank: Top 25%
375,Sinotrans Ltd,Industrials,,,0.016483516,Between 0 and 10% Return,,61.3,23.7,0.315943243,15,67,3.7,0598.HK,4.86899,4th Quartile,-0.191781139,0,No Dividend,Industrials,China,Rest All
376,SJM Holdings Ltd,Consumer Discretionary,,,0.095533499,Between 0 and 10% Return,,88.6,90.6,0,41,92,8.83,0880.HK,8.48781,1st Quartile,0.24886746,0.050243949,Greater than 5% Yield,Consumer Discretionary,Hong Kong,Equity Rank: Top 25%
377,Skyworth Digital Holdings Ltd,Consumer Discretionary,,,0.16017316,Return Greater than 10%,,76,12.6,0.28855597,6,80,2.68,0751.HK,3.45333,4th Quartile,-0.298388953,0.037389185,Less than 5% Yield,Consumer Discretionary,Hong Kong,Equity Rank: Top 25%
378,Starhill Global Real Estate Investment Trust,Real Estate,,,0.014388489,Between 0 and 10% Return,,18.9,57.8,0.063829787,81,23,0.705,STHL.SI,0.75,2nd Quartile,0.021928522,0.063761902,Greater than 5% Yield,Real Estate,Singapore,Equity Rank: Bottom 25%
379,StarHub Ltd,Telco,,,-0.071856287,Negative Return,,41.4,12.3,0.133,62,44,1.55,STAR.SI,1.75615,4th Quartile,-0.30320162,0.063241956,Greater than 5% Yield,Telco,Singapore,Rest All
380,Suntec Real Estate Investment Trust,Real Estate,,,0.015789474,Between 0 and 10% Return,,36.6,62.1,0,78,38,1.93,SUNT.SI,1.86626,2nd Quartile,0.048016193,0.054339855,Greater than 5% Yield,Real Estate,Singapore,Rest All
381,Swire Pacific Ltd,Real Estate,,,0.045005488,Between 0 and 10% Return,,51,85.8,0.087109874,89,57,95.2,0019.HK,103.49286,1st Quartile,0.19992921,0.035901138,Less than 5% Yield,Real Estate,Hong Kong,Rest All
382,Swire Properties Ltd,Real Estate,,,0.032258065,Between 0 and 10% Return,,70.9,76.7,0.093854062,68,76,32,1972.HK,35.00333,1st Quartile,0.128514783,0.028245821,Less than 5% Yield,Real Estate,Hong Kong,Rest All
383,Tongda Group Holdings Ltd,Technology,,,-0.076086957,Negative Return,,64.3,2,0.630070588,6,71,0.85,0698.HK,1.38556,4th Quartile,-0.492745582,0.028754944,Less than 5% Yield,Technology,Hong Kong,Rest All
384,Truly International Holdings Ltd,Technology,,,-0.014925373,Negative Return,,95.7,3,0.643939394,19,97,1.32,0732.HK,2.17,4th Quartile,-0.459016393,0.034463848,Less than 5% Yield,Technology,Hong Kong,Equity Rank: Top 25%
385,UOL Group Ltd,Real Estate,,,-0.022727273,Negative Return,,20.4,16.4,0.263088372,9,24,6.45,UTOS.SI,8.14692,4th Quartile,-0.250547801,0.022977558,Less than 5% Yield,Real Estate,Singapore,Equity Rank: Bottom 25%
386,Venture Corporation Ltd,Technology,,,0.104968944,Return Greater than 10%,,74.7,6,0.081394042,20,79,17.79,VENM.SI,19.238,4th Quartile,-0.35743417,0.048524673,Less than 5% Yield,Technology,Singapore,Rest All
387,Wharf Real Estate Investment Company Ltd,Real Estate,,,0.02970297,Between 0 and 10% Return,,31.5,71.7,0.05659965,46,33,57.2,1997.HK,60.4375,2nd Quartile,0.100463462,0.024969923,Less than 5% Yield,Real Estate,Hong Kong,Rest All
388,Wilmar International Ltd,Consumer Staples,,,0.003030303,Between 0 and 10% Return,,7,66.4,0.082172205,76,12,3.31,WLIL.SI,3.58199,2nd Quartile,0.061962121,0.025301675,Less than 5% Yield,Consumer Staples,Singapore,Equity Rank: Bottom 25%
389,Xinjiang Goldwind Science & Technology Co Ltd,Industrials,,,0.171945701,Return Greater than 10%,,14.8,14.6,0,25,20,10.36,2208.HK,10.18041,4th Quartile,-0.258582947,0.017364251,Less than 5% Yield,Industrials,China,Equity Rank: Bottom 25%
390,Xinyi Solar Holdings Ltd,Technology,,,0.098802395,Between 0 and 10% Return,,78.2,89.8,0.083752044,79,83,3.67,0968.HK,3.97737,1st Quartile,0.245087226,0.037048755,Less than 5% Yield,Technology,China,Equity Rank: Top 25%
391,Yangzijiang Shipbuilding Holdings Ltd,Industrials,,,0.021428571,Between 0 and 10% Return,,10.6,73.9,0.031622378,93,15,1.43,YAZG.SI,1.47522,2nd Quartile,0.112468319,0.042329957,Less than 5% Yield,Industrials,China,Equity Rank: Bottom 25%
392,Yue Yuen Industrial (Holdings) Ltd,Consumer Discretionary,,,0.034883721,Between 0 and 10% Return,,27,29.7,0,74,29,26.7,0551.HK,26.32173,3rd Quartile,-0.15421507,0.047031311,Less than 5% Yield,Consumer Discretionary,Hong Kong,Rest All
393,Yuexiu Property Co Ltd,Real Estate,,,0.127388535,Return Greater than 10%,,24.7,53.2,0.060265537,53,27,1.77,0123.HK,1.87667,2nd Quartile,-0.010998558,0.050551049,Greater than 5% Yield,Real Estate,Hong Kong,Equity Rank: Bottom 25%
394,Zhejiang Expressway Co Ltd,Industrials,,,0.01125,Between 0 and 10% Return,,89.6,52.2,0.172409147,70,93,8.09,0576.HK,9.48479,2nd Quartile,-0.015991727,0.048167016,Less than 5% Yield,Industrials,China,Equity Rank: Top 25%
395,Zoomlion Heavy Industry Science and Technology Co Ltd,Industrials,,,0.168639053,Return Greater than 10%,,49.4,96.9,0.079159494,61,55,3.95,1157.HK,4.26268,1st Quartile,0.342007951,0.030119902,Less than 5% Yield,Industrials,China,Rest All
396,ZTE Corp,Technology,,,0.211622807,Return Greater than 10%,,93.4,22.2,0,66,96,22.1,0763.HK,18.42857,4th Quartile,-0.210714286,0.005726777,Less than 5% Yield,Technology,China,Equity Rank: Top 25%
397,Anhui Conch Cement Co Ltd,Materials,,,0.090909091,Between 0 and 10% Return,,51,73.2,0.183770969,57,57,36.72,600585.SS,43.46807,2nd Quartile,0.110315605,0.025704363,Less than 5% Yield,Materials,China,Rest All
